artigoEmPeriodico	Braulio Silva Barros	2019	http://dx.doi.org/10.1039/c8nj06420b	Rapid and efficient electrochemical synthesis of a zinc-based nano-MOF for Ibuprofen adsorption	NEW JOURNAL OF CHEMISTRY	DE LIMA NETO, OTÁVIO JOSÉ ; FRÓS, ALLANA CHRISTINA DE OLIVEIRA ; BARROS, Bráulio Silva ; DE FARIAS MONTEIRO, ARTHUR FELIPE ; KULESZA, JOANNA	A2	NEW JOURNAL OF CHEMISTRY (1987)
artigoEmPeriodico	Braulio Silva Barros	2019	http://dx.doi.org/10.1016/j.ica.2019.04.031	Selective adsorption of BTEX on calixarene-based molecular coordination network determined by 13C NMR spectroscopy	INORGANICA CHIMICA ACTA	DE OLIVEIRA FRÓS, ALLANA CHRISTINA ; DE OLIVEIRA, MARIA ALAIDE ; MACÊDO SOARES, ANTONIA ALICE ; HALLWASS, FERNANDO ; CHOJNACKI, JAROSLAW ; BARROS, Bráulio Silva ; JÚNIOR, SEVERINO ALVES ; KULESZA, JOANNA	Qualis nao identificado	INORGANICA CHIMICA ACTA
artigoEmPeriodico	Braulio Silva Barros	2019	http://dx.doi.org/10.1590/s1517-707620190001.0658	Performance evaluation of NiCo2O4 spinel as a catalyst for partial oxidation of methane	Materia-Rio de Janeiro	PERES, ANA PAULA DA SILVA ; LIMA, ANDRÉIA CAVALCANTE DE ; BARROS, Bráulio Silva ; RUIZ, JUAN ALBERTO CHAVEZ ; MELO, Dulce Maria de Araújo	Qualis nao identificado	Materia-Rio de Janeiro
artigoEmPeriodico	Braulio Silva Barros	2019	http://dx.doi.org/10.1016/j.matchemphys.2019.121737	Coordination polymer-derived CuO catalysts for oxidative degradation of methylene blue	MATERIALS CHEMISTRY AND PHYSICS	SILVA JUNIOR, O.J. ; MONTEIRO, A.F.F. ; OLIVEIRA, J.B.L. ; ARAÚJO, A.M.U. ; SILVA, D.G. ; Kulesza, J. ; BARROS, B.S.	A2	
artigoEmPeriodico	Braulio Silva Barros	2018	http://dx.doi.org/10.1039/c7nj04625a	Solid-state tunable photoluminescence in Gadolinium-Organic Frameworks: effect of the Eu3+ content and co-doping with Tb3+	NEW JOURNAL OF CHEMISTRY	DO NASCIMENTO, JARLEY FAGNER SILVA ; DE ARAÚJO, ANTONIO MARCOS URBANO ; KULESZA, JOANNA ELZBIETA ; DE FARIAS MONTEIRO, ARTHUR FELIPE ; JÚNIOR, SEVERINO ALVES ; BARROS, BRÁULIO	A2	NEW JOURNAL OF CHEMISTRY (1987)
artigoEmPeriodico	Braulio Silva Barros	2018	http://dx.doi.org/10.1016/j.jallcom.2018.07.339	White light emission from single-phase Y 2 MoO 6 : xPr 3+ (x= 1, 2, 3 and 4-mol%) phosphor	JOURNAL OF ALLOYS AND COMPOUNDS	LOVISA, L.X. ; SANTIAGO, A.A.G. ; FARIAS, M.B. ; BARROS, B.S. ; Longo, E. ; LI, M.S. ; PASKOCIMAS, C.A. ; BOMIO, M.R.D. ; MOTTA, F.V.	A2	
artigoEmPeriodico	Braulio Silva Barros	2018	http://dx.doi.org/10.1002/slct.201801423	Metal-Organic Framework Nanocrystals	ChemistrySelect	BARROS, Bráulio Silva; DE'LIMA'NETO, OTÁVIO JOSÉ ; DE'OLIVEIRA'FRÓS, ALLANA CHRISTINA ; KULESZA, JOANNA	Qualis nao identificado	ChemistrySelect
artigoEmPeriodico	Braulio Silva Barros	2017	http://dx.doi.org/10.1016/j.matchemphys.2017.01.024	Influence of synthesis time on the microstructure and photophysical properties of Gd-MOFs doped with Eu3+	Materials Chemistry and Physics	DO NASCIMENTO, JARLEY FAGNER SILVA ; BARROS, Bráulio Silva ; KULESZA, JOANNA ; DE OLIVEIRA, JOÃO BOSCO LUCENA ; PEREIRA LEITE, ANA KARINA ; DE OLIVEIRA, ROSIVÂNIA SILVA	A2	MATERIALS CHEMISTRY AND PHYSICS
artigoEmPeriodico	Braulio Silva Barros	2017	http://dx.doi.org/10.1016/j.jssc.2017.04.002	Structural and spectroscopic investigation of new luminescent hybrid materials based on calix[4]arene-tetracarboxylate and Ln 3+ ions (Ln = Gd, Tb or Eu)	JOURNAL OF SOLID STATE CHEMISTRY	VIANA, R.S. ; OLIVEIRA, C.A.F. ; CHOJNACKI, J. ; Barros, B.S. ; Alves-Jr, S. ; Kulesza, J.	Qualis nao identificado	JOURNAL OF SOLID STATE CHEMISTRY
artigoEmPeriodico	Braulio Silva Barros	2017	http://dx.doi.org/10.1590/1980-5373-mr-2016-1015	Modulator Effect of Acetic Acid on the Morphology of Luminescent Mixed Lanthanide- Organic Frameworks	MATERIALS RESEARCH	LEITE, A. K. P. ; Barros, B S ; Kulesza, J. ; NASCIMENTO, J. F. S. ; MELO, Dulce M. A. ; OLIVEIRA, A. S.	B1	
artigoEmPeriodico	Braulio Silva Barros	2017	http://dx.doi.org/10.1016/j.ceramint.2017.03.160	Tunable photoluminescence of nanostructured LaPO 4 :Eu 3+ /Tb 3+ synthesized via a microwave-assisted ethylene glycol route	CERAMICS INTERNATIONAL	DE OLIVEIRA, R.S. ; DE BRITO, B.S. ; Alves-Jr, S. ; BARROS, B. S.	A1	
artigoEmPeriodico	Braulio Silva Barros	2016	http://dx.doi.org/10.1016/j.synthmet.2016.07.003	Sonoelectrochemical synthesis of metal-organic frameworks	Synthetic Metals	DA SILVA, GILVALDO G. ; SILVA, CECÍLIA S. ; RIBEIRO, ROGÉRIO T. ; RONCONI, CÉLIA M. ; BARROS, BRÁULIO S. ; NEVES, JORGE L. ; JÚNIOR, SEVERINO ALVES	A2	SYNTHETIC METALS
artigoEmPeriodico	Braulio Silva Barros	2016	http://dx.doi.org/10.1016/j.ceramint.2016.07.119	Nickel-based catalyst derived from NiO-Ce0.75Zr0.25O2 nanocrystalline composite: Effect of the synthetic route on the partial oxidation of methane	Ceramics International	DA SILVEIRA, V.R. ; Melo, D.M.A. ; Barros, B.S. ; RUIZ, J.A.C. ; ALCAZAR ROJAS, LEOPOLDO O.	A1	CERAMICS INTERNATIONAL
resumoExpandidoEmCongresso	Braulio Silva Barros	2017	Luminescence processes in lower-rim substituted calix[4]arene-based hubrid materials	18th International Conference on Luminescence - ICL, 2017, João Pessoa. Program Book of ICL 2017	NASCIMENTO, J. F. S. ; LINS, I. M. S. ; OLIVEIRA, M. A. ; Barros, B S ; Kulesza, J.		
resumoExpandidoEmCongresso	Braulio Silva Barros	2017	Gd-MOFs doped with Eu3+: synthesis, structure and photophysical properties	18th International Conference on Luminescence, 2017, João Pessoa. Program Bookf of ICL 2017	NASCIMENTO, J. F. S. ; OLIVEIRA, J. B. L. ; KULESZA, JOANNA ; ALVES JÚNIOR, Severino ; Barros, B S		
resumoExpandidoEmCongresso	Braulio Silva Barros	2017	Síntese e caracterização de polímero de coordenação à base de calix[4]areno modificado e sua utilização na adsorção de BTEX	II Mostra de Engenharia de Materiais da UFPE, 2017, Recife. Anais da II Mostra de Engenharia de Materiais da UFPE. Recife	ALAIDE, M. ; Kulesza, J. ; FROS, A. ; BARROS, B.S.		
resumoExpandidoEmCongresso	Braulio Silva Barros	2017	Redes metalorgânicas à base de titânio (Ti-MOFs): um desafio inovador	II Mostra de Engenharia de Materiais da UFPE, 2017, Recife. Anais da II Mostra de Engenharia de Materiais da UFPE,. Recife	MOREIRA, C. V. C. ; BARROS, B.S.		
resumoExpandidoEmCongresso	Braulio Silva Barros	2017	Síntese eletroquímica da MOF Cu-BDC e seu potencial como carreador de fármaco	II Mostra de Engenharia de Materiais da UFPE,, 2017, Recife. Anais da II Mostra de Engenharia de Materiais da UFPE,. Recife	FONSECA, J. D. S. ; Kulesza, J. ; BARROS, B.S. ; MONTEIRO, A. F. F.		
artigoEmPeriodico	Carlos Augusto do Nascimento Oliveira	2019	http://dx.doi.org/10.1016/j.jmapro.2019.05.040	Analysis of the surface roughness and cutting tool wear using a vapor compression assisted cooling system to cool the cutting fluid in turning operation	Journal of Manufacturing Processes	ARAÚJO, ROGÉRIO PONTES ; ROLIM, TIAGO L ; OLIVEIRA, CARLOS A ; MOURA, ALEX E ; SILVA, JOSÉ CARLOS A	B1	JOURNAL OF MANUFACTURING PROCESSES
artigoEmPeriodico	Carlos Augusto do Nascimento Oliveira	2018	http://dx.doi.org/10.1016/j.prostr.2018.12.019	Simulated running ductile fracture experiment using rubber tube	Procedia Structural Integrity	FURUTA, YASUYUKI ; NISHIZONO, YUKI ; AIHARA, SHUJI ; YANAGIMOTO, FUMINORI ; KAWABATA, TOMOYA ; SHIBANUMA, KAZUKI ; Oliveira, Carlos A. ; SHINOHARA, ARMANDO H.	Qualis nao identificado	Procedia Structural Integrity
artigoEmPeriodico	Carlos Augusto do Nascimento Oliveira	2017		Análise térmica de soldagem obtida numericamente na liga de alumínio AA 5056 pelo processo GMAW	REVISTA DE CIÊNCIA, TECNOLOGIA E HUMANIDADES (CIENTEC)	GUIMARAES, P. B. ; OLIVEIRA, C. A. N. ; OLIVEIRA NETO, J. J. C ; ANTONINO, T. S. ; L JUNIOR, J. D. ; FERREIRA, R. A. S. ou SANGUINETTI FERREIRA, R. A.	B5	
artigoEmPeriodico	Carlos Augusto do Nascimento Oliveira	2017	http://dx.doi.org/10.4028/www.scientific.net/msf.899.361	Secondary Hardening of an AISI M3:2 High Speed Steel Sinter 23 Hot Isostatic Pressed	MATERIALS SCIENCE FORUM (ONLINE)	DE ARAÚJO FILHO, OSCAR OLIMPIO ; GONZALEZ, Cezar Henrique ; URTIGA FILHO, Severino Leopoldino ; OLIVEIRA, C.A.N. ; SILVA, NOELLE D?EMERY GOMES ; AMBROZIO FILHO, F.	Qualis nao identificado	MATERIALS SCIENCE FORUM (ONLINE)
artigoEmPeriodico	Carlos Augusto do Nascimento Oliveira	2016		Influence of Heat Treatment on Martensitic Transformations in Copper-Based Alloys with Shape Memory Effect	Materials Science Forum (Online)	SILVA, L. C. S. ; GONZALEZ, C. H. ; OLIVEIRA, CARLOS AUGUSTO DO NASCIMENTO ; SILVA, K. C. A.	Qualis nao identificado	Materials Science Forum (Online)
trabalhoCompletoEmCongresso	Carlos Augusto do Nascimento Oliveira	2018		22nd European Conference on Fracture	22nd European Conference on Fracture	FURUTA, Y. ; NISHIZONO, Y. ; AIHARA, S. ; YANAGIMOTO, F. ; KAWABATA, T. ; SHIBANUMA, K. ; OLIVEIRA, C. A. N. ; SHINOHARA, A. H.		
trabalhoCompletoEmCongresso	Carlos Augusto do Nascimento Oliveira	2018		INFLUÊNCIA DOS TRATAMENTOS TÉRMICOS E COMPOSIÇÃO DE LIGA NAS TEMPERATURAS DE TRANSFORMAÇÃO MARTENSÍTICA EM LIGAS NI-TI COM EFEITO MEMÓRIA DE FORMA	X Congresso Nacional de Engenharia Mecânica	CARDOSO, MIRELLA ; GONZALEZ, Cezar Henrique ; OLIVEIRA, C. A. N.		
trabalhoCompletoEmCongresso	Carlos Augusto do Nascimento Oliveira	2018		Study of the Dynamic Properties of a SMA Mechanically Shaped by Hot Rolling and ECAE	24nd Congress of Mechanical Engineerin	Barbosa, P. S. S ; SILVA, N. J. ; Gonzalez, C. H. ; OLIVEIRA, C. A. N. ; ARAÚJO, CARLOS JOSÉ DE		
trabalhoCompletoEmCongresso	Carlos Augusto do Nascimento Oliveira	2017		Determinação da incerteza da medição indireta da distância entre centros de plugues de acordo com o novo padrão brasileiro	III SEMANA DAS ENGENHARIAS / II CONGRESSO DE ENGENHARIA.	Oliveira, José Eduardo ; OLIVEIRA, C. A. N.		
trabalhoCompletoEmCongresso	Carlos Augusto do Nascimento Oliveira	2017		Estruturação do Software SQUAL AUDITORIAS aplicado à ISO 9001	III SEMANA DAS ENGENHARIAS / II CONGRESSO DE ENGENHARIA	Oliveira, José Eduardo ; OLIVEIRA, C. A. N.		
trabalhoCompletoEmCongresso	Carlos Augusto do Nascimento Oliveira	2017		Estudo comparativo do uso dos métodos A1, A2 e Método de Schumacher para o estabelecimento dos intervalos de calibração	III SEMANA DAS ENGENHARIAS / II CONGRESSO DE ENGENHARIA	Oliveira, José Eduardo ; OLIVEIRA, C. A. N.		
trabalhoCompletoEmCongresso	Carlos Augusto do Nascimento Oliveira	2017		Aplicação dos métodos A1, A2 e Schumacher no ajuste do intervalo de calibração de célula de torque	Congresso Internacional de Metrologia Mecânica	Oliveira, José Eduardo ; OLIVEIRA, C. A. N.		
trabalhoCompletoEmCongresso	Carlos Augusto do Nascimento Oliveira	2017		Utilização de cartas de controle para ajuste de intervalos de calibração	III SEMANA DAS ENGENHARIAS / II CONGRESSO DE ENGENHARIA	Oliveira, Eduardo José Alecio ; M, S. ; Oliveira, José Eduardo ; SENA, D. A. G ; SILVA, N. G ; SOARES, A. M. F. ; MARQUES, J. J. S ; SILVA, A. M. ; ARAUJO, R. P. ; OLIVEIRA, C. A. N.		
trabalhoCompletoEmCongresso	Carlos Augusto do Nascimento Oliveira	2016		Metodologia para Medição de Tomadas e Plugues de Acordo com o Novo Padrão Brasileiro	Congresso Nacional de Engenharia Mecânica	OLIVEIRA, CARLOS AUGUSTO DO N.; Oliveira, José Eduardo ; BANDEIRA, J. M. ; GUEDES, G. S. ; GUIMARAES, P. B. ; ARAUJO, R. P. ; ROLIM, T. L.		
trabalhoCompletoEmCongresso	Carlos Augusto do Nascimento Oliveira	2016		PLANEJAMENTO FATORIAL COMO UMA FERRAMENTA PARA AVALIAR A TRANSFORMAÇÃO DE FASE MARTENSÍTICA EM UMA LIGA DE Ti-Ni	Congresso Nacional de Engenharia Mecânica	OLIVEIRA, C. A. N.; GONZALEZ, Cezar Henrique ; ALMEIDA, D. M. M. A. ; MOURA, M. L. M.		
trabalhoCompletoEmCongresso	Carlos Augusto do Nascimento Oliveira	2016		AVALIAÇÃO DA INFLUÊNCIA DOS TRATAMENTOS TERMOMECÂNICO NAS TRANSFORMAÇÕES MARTENSÍTICAS NUMA LIGA A BASE DE COBRE COM MEMÓRIA DE FORMA	Congresso Nacional de Engenharia Mecânica	SILVA, L. C. S. ; OLIVEIRA, CARLOS AUGUSTO DO N. ; SILVA, K. C. A. ; ARAUJO FILHO, O. O.		
trabalhoCompletoEmCongresso	Carlos Augusto do Nascimento Oliveira	2016		Comportamento Eletromecânico de Monocristais de Ligas a Base de Cobre com Memória de Forma	22º Congresso Brasileiro de Engenharia e Ciência dos Materiais	GONZALEZ, Cezar Henrique ; OLIVEIRA, C. A. N. ; ARAÚJO, CARLOS JOSÉ DE ; DIAS, A. ; URTIGA FILHO, Severino Leopoldino		
trabalhoCompletoEmCongresso	Carlos Augusto do Nascimento Oliveira	2016		Estudo da Fadiga Funcional Superelástica em Atuadores da Liga Ti-Ni com Memória de Forma	22º Congresso Brasileiro de Engenharia e Ciência dos Materiais	SILVA, K. C. A. ; OLIVEIRA, C. A. N. ; GONZALEZ, C. H. ; OLIVEIRA, E. S. D ; SILVA, F. H. S		
artigoEmPeriodico	Giovanna Machado	2019	http://dx.doi.org/10.1088/1361-6528/aaf17e	New strategy to obtain high surface area anatase nanotube/AuNP photocatalyst	NANOTECHNOLOGY	SCHNEID, ANDRESSA C ; QUEVEDO, ANTONIO B ; PEREIRA, MARCELO B ; ARAÚJO, PEDRO F ; FRANCO, NOELIA ; Machado, Giovanna ; MORO, CELSO C ; DE MENEZES, ELIANA W ; COSTA, TANIA M H ; BENVENUTTI, EDILSON V	Qualis nao identificado	NANOTECHNOLOGY
artigoEmPeriodico	Giovanna Machado	2019	http://dx.doi.org/10.1016/j.scitotenv.2018.12.444	Cytotoxic and genotoxic effects of silver nanoparticles on meristematic cells of Allium cepa roots: A close analysis of particle size dependence	SCIENCE OF THE TOTAL ENVIRONMENT	SCHERER, MARISA D. ; SPOSITO, JULIANA C.V. ; FALCO, WILLIAM F. ; GRISOLIA, ALEXEIA B. ; ANDRADE, LUIS H.C. ; LIMA, SANDRO M. ; Machado, Giovanna ; NASCIMENTO, VALTER A. ; GONÇALVES, DANIEL A. ; WENDER, HEBERTON ; OLIVEIRA, SAMUEL L. ; CAIRES, ANDERSON R.L.	A1	
artigoEmPeriodico	Giovanna Machado	2019	http://dx.doi.org/10.1557/jmr.2019.23	Electrochemical single-step obtention and characterization of a biomimetic TiO <sub>2</sub> -HA NTs covered by chitosan	JOURNAL OF MATERIALS RESEARCH	GALVÃO, RHAUANE ALMEIDA ; SANTA-CRUZ, LARISSA AGOSTINHO DE ; BARRETO, PALOMA BANTIM ; HORTA, MARLA KAROLYNE DOS SANTOS ; ANDRADE, ANTONIO MARCOS HELGUEIRA DE ; MOURA, FRANCISCO JOSÉ ; AGUILAR, MARILZA SAMPAIO ; PERIPOLLI, SUZANA BOTTEGA ; CAMPOS, JOSÉ BRANT DE ; ARRUDA, ISABEL RENATA DE SOUZA ; Machado, Giovanna	B1	
artigoEmPeriodico	Giovanna Machado	2019	http://dx.doi.org/10.1016/j.mseb.2019.03.019	Self-assembly of polyhedral oligomeric silsesquioxane structures through ion exchange	Materials Science and Engineering B-Advanced Functional Solid-State Materials	LUVISON, C. ; WANKE, C. H. ; MOURA, S. ; G. Machado ; FARIAS, M. C. M. ; Bianchi, O	Qualis nao identificado	Materials Science and Engineering B-Advanced Functional Solid-State Materials
artigoEmPeriodico	Giovanna Machado	2018	http://dx.doi.org/10.1007/s11051-017-4119-9	An investigation on the preparation of nanocrystalline hydrous zirconia from zirconium tungstate	JOURNAL OF NANOPARTICLE RESEARCH	ANTUNES, M. ; PEROTTONI, C. A. ; GOUVÊA, D. ; MACHADO, G. ; ZORZI, J. E.	B1	
artigoEmPeriodico	Giovanna Machado	2018	http://dx.doi.org/10.1021/acs.jpcc.7b12219	Core-Shell Fe-Pt Nanoparticles in Ionic Liquids: Magnetic and Catalytic Properties	Journal of Physical Chemistry C	ADAMSKI, JANICE ; QADIR, MUHAMMAD I. ; SERNA, JILDER P. ; BERNARDI, FABIANO ; BAPTISTA, DANIEL L. ; SALLES, BENJAMIN R. ; NOVAK, MIGUEL A. ; Machado, Giovanna ; DUPONT, Jairton	A1	JOURNAL OF PHYSICAL CHEMISTRY. C
artigoEmPeriodico	Giovanna Machado	2018	http://dx.doi.org/10.1016/j.lwt.2018.04.015	Chemical composition and antibacterial activity of Eugenia brejoensis essential oil nanoemulsions against Pseudomonas fluorescens	LWT-FOOD SCIENCE AND TECHNOLOGY	MENDES, J.F. ; MARTINS, H.H.A. ; OTONI, C.G. ; SANTANA, N.A. ; SILVA, R.C.S. ; DA SILVA, A.G. ; SILVA, M.V. ; CORREIA, M.T.S. ; MACHADO, G. ; PINHEIRO, A.C.M. ; PICCOLI, R.H. ; OLIVEIRA, J.E.	C	SCIENCE AND TECHNOLOGY
artigoEmPeriodico	Giovanna Machado	2018	http://dx.doi.org/10.1021/acs.jpcc.7b11822	Synthesis and Visible-Light-Driven Photocatalytic Activity of Ta <sup>4+</sup> Self-Doped Gray Ta <sub>2</sub> O <sub>5</sub> Nanoparticles	Journal of Physical Chemistry C	GOMES, LUIZ E. ; DA SILVA, MARCIO F. ; GONÇALVES, RENATO V. ; Machado, Giovanna ; ALCANTARA, GLAUCIA B. ; CAIRES, ANDERSON R. L. ; WENDER, HEBERTON	A1	JOURNAL OF PHYSICAL CHEMISTRY. C
artigoEmPeriodico	Giovanna Machado	2018	http://dx.doi.org/10.1016/j.msec.2018.04.089	Titanium dioxide nanotubes functionalized with Cratylia mollis seed lectin, Cramoll, enhanced osteoblast-like cells adhesion and proliferation	Materials Science & Engineering C-Materials for Biological Applications	OLIVEIRA, WESLLEY F. ; SILVA, GERMANA M.M. ; CABRAL FILHO, PAULO E. ; FONTES, ADRIANA ; OLIVEIRA, MARIA D.L. ; ANDRADE, CÉSAR A.S. ; SILVA, MÁRCIA V. ; COELHO, LUANA C.B.B. ; Machado, Giovanna ; CORREIA, MARIA T.S.	Qualis nao identificado	Materials Science & Engineering C-Materials for Biological Applications
artigoEmPeriodico	Giovanna Machado	2018	http://dx.doi.org/10.1016/j.fuel.2018.05.064	Influence of sucrose addition and acid treatment of silica-supported Co-Ru catalysts for Fischer-Tropsch synthesis	FUEL	RIBEIRO, ANDRÉ T.S. ; BEZERRA, VICTOR V.L. ; BARTOLOMEU, RODRIGO A.C. ; ABREU, CESAR A.M. ; FILHO, NELSON M.L. ; SILVA, ANTÔNIO O.S. ; MARANHÃO, LAÍSSE C.A. ; MERINO, DAVID ; SANZ, OIHANE ; MONTES, MARIO ; Machado, Giovanna ; ALMEIDA, LUCIANO C.	Qualis nao identificado	FUEL
artigoEmPeriodico	Giovanna Machado	2018	http://dx.doi.org/10.1016/j.archoralbio.2018.07.004	Effect of chitosan nanoparticles on the inhibition of Candida spp. biofilm on denture base surface	ARCHIVES OF ORAL BIOLOGY	GONDIM, BRENNA LOUISE CAVALCANTI ; CASTELLANO, LÚCIO ROBERTO CANÇADO ; DE CASTRO, RICARDO DIAS ; Machado, Giovanna ; CARLO, HUGO LEMES ; VALENÇA, ANA MARIA GONDIM ; DE CARVALHO, FABÍOLA GALBIATTI	A2	
artigoEmPeriodico	Giovanna Machado	2018	http://dx.doi.org/10.1039/c8ce00743h	Syntheses and Structural Understanding of Ti-Ta Alloy Based Nanotubular Oxide Photocatalyst	CRYSTENGCOMM	SOARES, THIAGO ANDRÉ SALGUEIRO ; GALVÃO, RHAUANE ALMEIDA ; DE HOLANDA, LILIAN CAMPELO ; KINAST, ÉDER JULIO ; BESTETTI, MASSIMILIANO ; GONÇALVES, RENATO VITALINO ; TEIXEIRA NETO, ÂNGELA ALBUQUERQUE ; TEIXEIRA NETO, ERICO ; ALMEIDA, LUCIANO COSTA ; TEIXERA, SERGIO RIBEIRO ; KHAN, SHERDIL ; Machado, Giovanna	Qualis nao identificado	CRYSTENGCOMM
artigoEmPeriodico	Giovanna Machado	2018	http://dx.doi.org/10.1016/j.ijhydene.2018.06.176	Hydrogen photocatalytic production from the self-assembled films of PAH/PAA/TiO2 supported on bacterial cellulose membranes	INTERNATIONAL JOURNAL OF HYDROGEN ENERGY	DAL?ACQUA, NICOLLE ; FARIA, ANA CLAUDIA RANGEL ; VEBBER, MÁRIO CÉSAR ; DA SILVA BARUD, HERNANE ; Giovanela, Marcelo ; Machado, Giovanna ; DA SILVA CRESPO, JANAINA	A2	
artigoEmPeriodico	Giovanna Machado	2018	http://dx.doi.org/10.3389/fcimb.2018.00303	Encapsulation of the HSP-90 Chaperone Inhibitor 17-AAG in Stable Liposome Allow Increasing the Therapeutic Index as Assessed, in vitro, on Leishmania (L) amazonensis Amastigotes-Hosted in Mouse CBA Macrophages	Frontiers in Cellular and Infection Microbiology	PETERSEN, ANTONIO LUIS DE OLIVEIRA ALMEIDA ; CAMPOS, THIERS A. ; DANTAS, DIANA ANGÉLICA DOS SANTOS ; REBOUÇAS, JULIANA DE SOUZA ; DA SILVA, JULIANA CRUZ ; DE MENEZES, JULIANA P. B. ; FORMIGA, FÁBIO R. ; DE MELO, JANAINA V. ; Machado, Giovanna ; VERAS, PATRÍCIA S. T.	Qualis nao identificado	Frontiers in Cellular and Infection Microbiology
artigoEmPeriodico	Giovanna Machado	2018	http://dx.doi.org/10.1021/acsaem.8b00375	Enhanced Visible-Light Photoelectrochemical Conversion on TiO <sub>2</sub> Nanotubes with Bi <sub>2</sub> S <sub>3</sub> Quantum Dots Obtained by in Situ Electrochemical Method	ACS Applied Energy Materials	FREITAS, DENILSON V. ; GONZÁLEZ-MOYA, JOHAN R. ; SOARES, THIAGO A. S. ; SILVA, RICHARDSON R. ; OLIVEIRA, DYEGO M. ; MANSUR, HERMAN S. ; Machado, Giovanna ; NAVARRO, MARCELO	Qualis nao identificado	ACS Applied Energy Materials
artigoEmPeriodico	Giovanna Machado	2018	http://dx.doi.org/10.1016/j.molliq.2018.08.066	Interaction of pharmaceutical ionic liquids with TiO2 in anatase and rutile phase	JOURNAL OF MOLECULAR LIQUIDS	BENDER, CAROLINE R. ; SALBEGO, PAULO R.S. ; WUST, KELI ; FARIAS, CARLA A.A. ; BECK, THAÍSSA S. ; Machado, Giovanna ; VAUCHER, RODRIGO A. ; MARTINS, MARCOS A.P. ; FRIZZO, CLARISSA P.	B1	JOURNAL OF MOLECULAR LIQUIDS (PRINT)
artigoEmPeriodico	Giovanna Machado	2017	http://dx.doi.org/10.1088/1361-6528/aa5ab0	Economically attractive route for the preparation of high quality magnetic nanoparticles by the thermal decomposition of iron(III) acetylacetonate	NANOTECHNOLOGY	EFFENBERGER, FERNANDO B ; COUTO, RICARDO A ; KIYOHARA, PEDRO K ; Machado, Giovanna ; MASUNAGA, SUELI H ; JARDIM, RENATO F ; ROSSI, LIANE M	Qualis nao identificado	NANOTECHNOLOGY
artigoEmPeriodico	Giovanna Machado	2017	http://dx.doi.org/10.1021/acs.jpcc.6b10540	Photochemical Hydrogen Production of Ta <sub>2</sub> O <sub>5</sub> Nanotubes Decorated with NiO Nanoparticles by Modified Sputtering Deposition	Journal of Physical Chemistry C	GONCALVES, R. V. ; Wender, H ; Migowski, Pedro ; A.F. Feil ; EBERHARDT, DARIO ; BOITA, J. ; KHAN, S. ; G. Machado ; DUPONT, Jairton ; TEIXEIRA, Sérgio Ribeiro	A1	JOURNAL OF PHYSICAL CHEMISTRY. C
artigoEmPeriodico	Giovanna Machado	2017	http://dx.doi.org/10.1590/0366-69132017633652051	Dispersão e consolidação de zircônia dopada com WOx a partir do tungstato de zircônio e trietanolamina em meio aquoso	CERÂMICA	ANTUNES, M. ; ZORZI, J. E. ; MACHADO, G. ; PEROTTONI, C. A.	B3	
artigoEmPeriodico	Giovanna Machado	2017	http://dx.doi.org/10.21839/jaar.2017.v2i1.47	Nanoparticle-assisted Polymerase Chain Reaction (NanoPCR): Optimization of PCR detection of Leifsonia xyli subsp. xyli by the addition of nanoparticles	Journal of Applied and Advanced Research	DANTAS, PATRÍCIA VIRGÍNIA PADILHA ; MELO, CAIO FIGUEIRÓ ; HOULLOU, LAUREEN MICHELLE ; Machado, Giovanna	Qualis nao identificado	Journal of Applied and Advanced Research
artigoEmPeriodico	Giovanna Machado	2017	http://dx.doi.org/10.1016/j.ijhydene.2017.05.080	Characterization and application of self-assembled thin films of polyelectrolytes/TiO 2 /CdSe for hydrogen production	INTERNATIONAL JOURNAL OF HYDROGEN ENERGY	FARIA, A.C.R. ; VEBBER, M.C. ; DAL'ACQUA, N. ; GIOVANELA, M. ; Aguzzoli, C. ; PEREIRA, M.B. ; MACHADO, G. ; CRESPO, J.S.	A2	
artigoEmPeriodico	Giovanna Machado	2017	http://dx.doi.org/10.1007/s10570-017-1218-9	Control of properties of nanocomposites bio-based collagen and cellulose nanocrystals	Cellulose	RODRIGUES, ANA P. H. ; PEREIRA, IACI M. ; DE SOUZA, SÂMARA D. ; GIL, CAMILA S. BREY ; Machado, Giovanna ; CARVALHO, SANDHRA M. ; PEREIRA, FABIANO V. ; PAIVA, PAULO R. P. ; DE OLIVEIRA, LUIZ C. A. ; DE O. PATRICIO, PATRÍCIA S.	Qualis nao identificado	Cellulose
artigoEmPeriodico	Giovanna Machado	2017	http://dx.doi.org/10.1016/j.msec.2017.08.017	Functionalization of titanium dioxide nanotubes with biomolecules for biomedical applications	Materials Science & Engineering C-Materials for Biological Applications	OLIVEIRA, WESLLEY F. ; ARRUDA, ISABEL R.S. ; SILVA, GERMANA M.M. ; Machado, Giovanna ; COELHO, LUANA C.B.B. ; CORREIA, MARIA T.S.	Qualis nao identificado	Materials Science & Engineering C-Materials for Biological Applications
artigoEmPeriodico	Giovanna Machado	2017	http://dx.doi.org/10.21577/0103-5053.20170201	Factorial Design Applied for Evaluation of Effect of Interactions among Precursors on the Thermal Decomposition Temperature of Montmorillonite/Poly(Methyl Methacrylate) Nanocomposites	JOURNAL OF THE BRAZILIAN CHEMICAL SOCIETY	SANTANA, JOSEANE ; ARAUJO, RENNAN ; DE JESUS, FILIPE ; LIMA, KELLY ; Machado, Giovanna ; CRUZ, MARIA ; SARMENTO, VICTOR	B1	
artigoEmPeriodico	Giovanna Machado	2017	http://dx.doi.org/10.1155/2017/3647801	Anti-Inflammatory Activity of Babassu Oil and Development of a Microemulsion System for Topical Delivery	Evidence-based Complementary and Alternative Medicine	REIS, MYSRAYN Y. F. A. ; SANTOS, SIMONE M. DOS ; SILVA, DANIELLE R. ; SILVA, MÁRCIA V. ; CORREIA, MARIA TEREZA S. ; NAVARRO, DANIELA M. A. FERRAZ ; SANTOS, GEANNE K. N. ; HALLWASS, FERNANDO ; Bianchi, Otávio ; SILVA, ALEXANDRE G. ; MELO, JANAÍNA V. ; MATTOS, ALESSANDRA B. ; XIMENES, RAFAEL M. ; Machado, Giovanna ; SARAIVA, KARINA L. A.	Qualis nao identificado	Evidence-based Complementary and Alternative Medicine
artigoEmPeriodico	Giovanna Machado	2017	http://dx.doi.org/10.1016/j.jhin.2017.11.008	Staphylococcus aureus and Staphylococcus epidermidis infections on implants	JOURNAL OF HOSPITAL INFECTION	OLIVEIRA, WESLLEY F. ; SILVA, PRISCILA M.S. ; SILVA, RAYANE C.S. ; SILVA, GERMANA M.M. ; Machado, Giovanna ; COELHO, LUANA C.B.B. ; CORREIA, MARIA T.S.	Qualis nao identificado	JOURNAL OF HOSPITAL INFECTION
artigoEmPeriodico	Giovanna Machado	2016	http://dx.doi.org/10.1016/j.jece.2015.11.013	Removal of coliform bacteria from industrial wastewaters using polyelectrolytes/silver nanoparticles self-assembled thin films	Journal of Environmental Chemical Engineering	ZARPELON, FABIANA ; GALIOTTO, DEISE ; AGUZZOLI, CESAR ; CARLI, LARISSA NARDINI ; FIGUEROA, CARLOS ALEJANDRO ; BAUMVOL, ISRAEL JACOB RABIN ; Machado, Giovanna ; CRESPO, JANAINA DA SILVA ; Giovanela, Marcelo	B3	JOURNAL OF ENVIRONMENTAL CHEMICAL ENGINEERING
artigoEmPeriodico	Giovanna Machado	2016	http://dx.doi.org/10.1016/j.ejps.2015.12.006	Evaluation of photodynamic activity, photostability and in vitro drug release of zinc phthalocyanine-loaded nanocapsules	EUROPEAN JOURNAL OF PHARMACEUTICAL SCIENCES	DE SOUZA, THIANE DEPRÁ ; ZIEMBOWICZ, FRANCIELI ISA ; MÜLLER, DEBORA FRIEDRICH ; LAUERMANN, SÂMERA CRISTINA ; KLOSTER, CARMEN LUISA ; SANTOS, ROBERTO CHRIST VIANNA ; LOPES, LEONARDO QUINTANA SOARES ; OURIQUE, ALINE FERREIRA ; Machado, Giovanna ; VILLETTI, MARCOS ANTONIO	A2	
artigoEmPeriodico	Giovanna Machado	2016	http://dx.doi.org/10.1016/j.apcatb.2016.04.021	Influence of the support on PtSn electrocatalysts behavior: ethanol electro-oxidation performance and in-situ ATR-FTIRS studies	Applied Catalysis. B, Environmental (Print)	LEAL DA SILVA, ELEN ; CUÑA, ANDRÉS ; RITA ORTEGA VEGA, MARIA ; RADTKE, CLAUDIO ; Machado, Giovanna ; TANCREDI, NESTOR ; DE FRAGA MALFATTI, CÉLIA	A1	APPLIED CATALYSIS. B, ENVIRONMENTAL (PRINT)
artigoEmPeriodico	Giovanna Machado	2016	http://dx.doi.org/10.1088/0957-4484/27/28/285401	Effects of the large distribution of CdS quantum dot sizes on the charge transfer interactions into TiO <sub>2</sub> nanotubes for photocatalytic hydrogen generation	NANOTECHNOLOGY	GONZÁLEZ-MOYA, JOHAN R ; GARCIA-BASABE, YUNIER ; ROCCO, MARIA LUIZA M ; PEREIRA, MARCELO B ; PRINCIVAL, JEFFERSON L ; ALMEIDA, LUCIANO C ; ARAÚJO, CARLOS M ; DAVID, DENIS G F ; DA SILVA, ANTONIO FERREIRA ; Machado, Giovanna	Qualis nao identificado	NANOTECHNOLOGY
artigoEmPeriodico	Giovanna Machado	2016	http://dx.doi.org/10.1021/acs.jpcc.6b04919	Effect of TiO <sub>2</sub> Nanoparticles on Polyaniline Films Electropolymerized at Different pH	Journal of Physical Chemistry C	FILHO, VALFRIDO F. L. ; Machado, Giovanna ; BATISTA, RONALDO JUNIO CAMPOS ; SOARES, JAQUELINE S ; DE OLIVEIRA, ALAN BARROS ; DE VASCONCELOS, CLAUDIA ; LINO, ANDRÉ A. ; MANHABOSCO, TAÍSE MATTE	A1	JOURNAL OF PHYSICAL CHEMISTRY. C
artigoEmPeriodico	Giovanna Machado	2016	http://dx.doi.org/10.1016/j.ijhydene.2016.07.238	Hydrogen production by photocatalytic water splitting using poly(allylamine hydrochloride)/poly(acrylic acid)/TiO2/copper chlorophyllin self-assembled thin films	INTERNATIONAL JOURNAL OF HYDROGEN ENERGY	VEBBER, M.C. ; FARIA, A.C.R. ; DAL'ACQUA, N. ; BEAL, L.L. ; FETTER, G. ; MACHADO, G. ; GIOVANELA, M. ; CRESPO, J.S.	A2	
artigoEmPeriodico	Giovanna Machado	2016	http://dx.doi.org/10.1021/acs.jpcc.6b04262	Elucidating Anion Effect on Nanostructural Organization of Dicationic Imidazolium-Based Ionic Liquids	Journal of Physical Chemistry C	FRIZZO, CLARISSA P. ; BENDER, CAROLINE R. ; GINDRI, IZABELLE DE MELLO ; VILLETTI, MARCOS A. ; Machado, Giovanna ; BIANCHI, OTAVIO ; MARTINS, MARCOS A. P.	A1	JOURNAL OF PHYSICAL CHEMISTRY. C
artigoEmPeriodico	Giovanna Machado	2016	http://dx.doi.org/10.1016/j.ijhydene.2016.02.055	Photocatalytic reforming of aqueous formaldehyde with hydrogen generation over TiO2 nanotubes loaded with Pt or Au nanoparticles	INTERNATIONAL JOURNAL OF HYDROGEN ENERGY	MARIA DALCIN FORNARI, ANA ; DE ARAUJO, MARIELE BRAMBILLA ; BERGAMIN DUARTE, CESAR ; Machado, Giovanna ; Teixeira, Sérgio R. ; WEIBEL, DANIEL EDUARDO	A2	
trabalhoCompletoEmCongresso	Giovanna Machado	2017		IN SITU ELECTROCHEMICAL SENSITIZATION OF Bi2S3 QDs ON TiO2 NANOTUBES FILMS WITH ENHANCED VISIBLE LIGHT PHOTOELECTROCHEMICAL CONVERSION	XVI SBPMAT	G. Machado; FREITAS, D. V. ; NAVARRO, M. ; Johan René González Moya ; SILVA, R. R. ; SOARES, T. A. S. ; OLIVEIRA, D. M. ; MANSUR, H. S.		
trabalhoCompletoEmCongresso	Giovanna Machado	2017		INFLUENCE OF NEW IONIC LIQUID BTDCVI MIXED IODIDE ELECTROLYTE ON THE PHOTOVOLTAIC PERFORMANCE OF DYE SENSITIZED SOLAR CELLS	XVI SBPMAT	SOARES, T. A. S. ; BARRETO, P. B. ; BEZERRA, Y. ; RICHELLE, I. ; Johan René González Moya ; BRENNO NETO, ; G. Machado		
trabalhoCompletoEmCongresso	Giovanna Machado	2017		CATALISADORES DE Co-Ru/SiO2 APLICADOS A SINTESE DE FISCHER-TROPSCH: COMPARAÇAO ENTRE SISTEMAS EM PO E ESTRUTURADO	19 CONGRESSO BRASILEIRO DE CATALISE E IX CONGRESSO MERCOSUL DE CATALISE	RIBEIRO, A. T. S. ; BEZERRA, V. V. ; BARTOLOMEU, R. A. ; MELO, R.S.F ; SILVA, A. O. ; G. Machado ; ALMEIDA, L. C.		
trabalhoCompletoEmCongresso	Giovanna Machado	2017		ESTUDOS DE VARIAVEIS DE PREPARAÇAO DE FILMES CATALITICOS DE TIO2 SUPORTADOS EM PET PARA FOTODEGRADAÇAO DO CORANTE REACTIVE BLACK 5	19 CONGRESSO BRASILEIRO DE CATALISE E IX CONGRESSO MERCOSUL DE CATALISE	RIBEIRO, L. N. ; FONSECA, A. C. ; G. Machado ; ALMEIDA, L. C.		
trabalhoCompletoEmCongresso	Giovanna Machado	2017		NANOESTRUTURADO DE TINB2O7: CONTROLE DA AREA SUPERFICIAL ESPECIFICA E AVALIAÇAO DOS EFEITOS SOBRE A FOTOGERAÇAO DE H2	19 CONGRESSO BRASILEIRO DE CATALISE E IX CONGRESSO MERCOSUL DE CATALISE	SOARES, T. A. S. ; HOLANDA, L. C. ; DUARTE, GIAN CARLOS SILVA ; ALMEIDA, L. C. ; G. Machado		
trabalhoCompletoEmCongresso	Giovanna Machado	2016		INFLUENCIA DE ACIDEZ DOS CATALISADORES A BASE DE COBALTO APLICADOS NA SINTESE DE FISCHER TROPSCH	XVI ENBEQ	ALMEIDA, LUCIANO COSTA ; RIBEIRO, A. T. S. ; BEZERRA, V. V. ; OLIVEIRA, L. C. F. ; G. Machado		
trabalhoCompletoEmCongresso	Giovanna Machado	2016		REUSO DE GARRAFA PET COMO SUBSTRATO PARA IMPREGNAÇAO DE FOTOCATALISADORES	CICAT 2016- XXV CONGRESSO IBEROAMERICANO DE CATALISIS	G. Machado; FONSECA, A ; ALMEIDA, L. C. ; RIBEIRO, L.N		
resumoExpandidoEmCongresso	Giovanna Machado	2018	SINTESE E CARACTERIZAÇAO DE OXIDOS DE Ti-Nb NANOTUBULARES APLICADOS COMO FOTOCATALIZADORES	CBECIMAT, 2018, FOZ DO IGUAÇU. 23 CONGRESSO BRASILEIRO DE ENGENHARIA E CIENCIAS DOS MATERIAIS	SOARES, T. A. S. ; ARAUJO, P. F. ; GONZÁLEZ-MOYA, JOHAN R ; G. Machado		
resumoExpandidoEmCongresso	Giovanna Machado	2018	AVALIAÇAO DE DIFERENTES LIQUIDOS IONICO NO DESEMPENHO DE CELULAS FOTOVOLTAICAS SENSIBILIZADAS POR CORANTE	CBECIMAT, 2018, FOZ DO IGUAÇU. 23 CONGRESSO BRASILEIRO DE ENGENHARIA E CIÊNCIA DOS MATERIAIS	CRUZ, L. S. ; SOARES, T. A. S. ; G. Machado		
resumoExpandidoEmCongresso	Giovanna Machado	2018	EFFICIENCY CONVERSION IMPROVEMENT OF DSSCs THROUGH THE INTRODUCTION OF BENZOTHIAZOLE IN THE ELECTROLYTE	XVII BRAZIL MRS MEETING- SBPMAT, 2018, NATAL. XVII BRAZIL MRS MEETING- SBPMAT 2018	CRUZ, L. S. ; SOARES, T. A. ; G. Machado		
resumoExpandidoEmCongresso	Giovanna Machado	2018	PHOTOELECTROCHEMICAL DEGRADATION OF METHHYLENE BLUE DYE ON Ti/TiO2 NANOTUBES ELECTRODE	41 REUNIAL ANUAL DA SOCIEDADE BRASILEIRA DE QUIMICA, 2018, FOZ DO IGUAÇU. 41 REUNIAL ANUAL DA SOCIEDADE BRASILEIRA DE QUIMICA	Johan René González Moya ; SANTOS,I. M ; G. Machado		
resumoExpandidoEmCongresso	Giovanna Machado	2018	Ti/TiO2 NANOTUBES ELECTRODES FPR PHOTOELECTROCHEMICAL DEGRADATION OF METHYLENE BLUE DYE FOR WATER TREATMENT	ACS BOSTON, 2018, BOSTON. ACS BOSTON	Johan René González Moya ; SANTOS, I. ; DARES, C. ; G. Machado		
resumoExpandidoEmCongresso	Giovanna Machado	2017	CHARGE TRANSFER INTERACTIONS IN TIO2/CDS AND TIO2/AU PHOTOANODE SYSTEMS FOR HYDROGEN GENERATION BY SOLAR ENERGY	IUPAC 2017, 2017, SAO PAULO. IUPAC2017	Johan René González Moya ; GALVAO, R. ; SOARES, T. A. S. ; OLIVEIRA, D. M. ; G. Machado		
resumoExpandidoEmCongresso	Giovanna Machado	2017	ASSEMBLY OF NANOSTRUCTURED SYSTEMS CONTAING GOLD AND TIO2 I	IUPAC 2017, 2017, SAO PAULO. IUPAC2017	GALVAO, R. ; CAMPOS, C. F. S. ; SILVA, G. M. M. E. ; G. Machado		
resumoExpandidoEmCongresso	Giovanna Machado	2017	IMPACT OF ELECTRON TRANSFER ON PHOTOCATALYST TIO2/BIVO4 SENSITIZED WITH AU NANOPARTICLES SYSTEM FOR Z SCHEME HYDROGEN GENERATION	IUPAC 2017, 2017, SAO PAULO. IUPAC2017	GONCALVES, H. B. ; Johan René González Moya ; COSTA, J. C. S. ; G. Machado		
resumoExpandidoEmCongresso	Giovanna Machado	2017	AÇAO DO OLEO ESSENCIAL DE TETRAGASTRIS CATUABA (BURSERACEAE) SOBRE A PRODUÇAO DE BIOFILMES BACTERIANOS FORMADOS POR LISTERIA MONOCYTOGENES E EENTEROCOCCUS FAECALIS	9 SIMPOSIO BRASILEIRO DE OLEOS ESSENCIAIS, 2017, CAXIAS DO SUL. 9 SIMPOSIO BRASILEIRO DE OLEOS ESSENCIAIS- SBOE	G. Machado; SILVA, RAYANE C.S. ; ARRUDA, ISABEL R.S. ; MALAFAIA, C. B.		
resumoExpandidoEmCongresso	Giovanna Machado	2016	SYNTHESIS AND CHARACTERIZATION OF TITANIA NANOTUBES AND GOLD NANOPARTICLES NANOCOMPOSITES FOR HYDROGEM PRODUCTION IMPROVEMENT	XIV BRAZIL MRS MEETING- SBPMAT, 2016, CAMPINAS. XIV BRAZIL MRS MEETING- SBPMAT	GALVAO, R. ; SILVA, G. M. M. E. ; G. Machado		
resumoExpandidoEmCongresso	Giovanna Machado	2016	Correlação entre a Atividades Fotocatalitica e a Fotoluminiscencia em Sistemas nanoestruturados TiO2/CdSe	22° CONGRESSO BRASILEIRO DE ENGENHARIA EM CIENCIA DOS MATERIAIS, 2016, NATAL. 22° CONGRESSO BRASILEIRO DE ENGENHARIA EM CIENCIA DOS MATERIAIS	TAVARES, F. A. L. ; Johan René González Moya ; GALVAO, R. ; G. Machado		
resumoExpandidoEmCongresso	Giovanna Machado	2016	SISTEMAS HIBRIDOS DE NANOTUBOS DE TiO2 SENSIBILIZADOS COM NANOPARTICULAS DE OURO PARA PRODUÇÃO DE H2	22° CONGRESSO BRASILEIRO DE ENGENHARIA E CIENCIA DOS MATERIAIS, 2016, NATAL. 22° CONGRESSO BRASILEIRO DE ENGENHARIA E CIENCIA DOS MATERIAIS	GALVAO, R. ; SILVA, G. M. M. E. ; G. Machado		
artigoEmPeriodico	Joanna Elzbieta Kulesza	2019	http://dx.doi.org/10.1039/c8nj06420b	Rapid and efficient electrochemical synthesis of a zinc-based nano-MOF for Ibuprofen adsorption	NEW JOURNAL OF CHEMISTRY	DE LIMA NETO, OTÁVIO JOSÉ ; FRÓS, ALLANA CHRISTINA DE OLIVEIRA ; BARROS, BRÁULIO SILVA ; DE FARIAS MONTEIRO, ARTHUR FELIPE ; KULESZA, JOANNA	A2	NEW JOURNAL OF CHEMISTRY (1987)
artigoEmPeriodico	Joanna Elzbieta Kulesza	2019	http://dx.doi.org/10.1016/j.ica.2019.04.031	Selective adsorption of BTEX on calixarene-based molecular coordination network determined by 13C NMR spectroscopy	INORGANICA CHIMICA ACTA	DE OLIVEIRA FRÓS, ALLANA CHRISTINA ; DE OLIVEIRA, MARIA ALAIDE ; MACÊDO SOARES, ANTONIA ALICE ; HALLWASS, FERNANDO ; CHOJNACKI, JAROSLAW ; BARROS, BRÁULIO SILVA ; Júnior, Severino Alves ; KULESZA, JOANNA	Qualis nao identificado	INORGANICA CHIMICA ACTA
artigoEmPeriodico	Joanna Elzbieta Kulesza	2019	http://dx.doi.org/10.1016/j.matchemphys.2019.121737	Coordination polymer-derived CuO catalysts for oxidative degradation of methylene blue	MATERIALS CHEMISTRY AND PHYSICS	SILVA JUNIOR, O.J. ; MONTEIRO, A.F.F. ; OLIVEIRA, J.B.L. ; ARAÚJO, A.M.U. ; SILVA, D.G. ; KULESZA, J. ; BARROS, B.S.	A2	
artigoEmPeriodico	Joanna Elzbieta Kulesza	2018	http://dx.doi.org/10.1039/c7nj04625a	Solid-state tunable photoluminescence in Gadolinium-Organic Frameworks: effect of the Eu3+ content and co-doping with Tb3+	NEW JOURNAL OF CHEMISTRY	DO NASCIMENTO, JARLEY FAGNER SILVA ; DE ARAÚJO, ANTONIO MARCOS URBANO ; KULESZA, JOANNA ELZBIETA ; DE FARIAS MONTEIRO, ARTHUR FELIPE ; Júnior, Severino Alves ; BARROS, BRÁULIO	A2	NEW JOURNAL OF CHEMISTRY (1987)
artigoEmPeriodico	Joanna Elzbieta Kulesza	2018	http://dx.doi.org/10.1002/slct.201801423	Metal-Organic Framework Nanocrystals	ChemistrySelect	BARROS, BRÁULIO SILVA ; DE'LIMA'NETO, OTÁVIO JOSÉ ; DE'OLIVEIRA'FRÓS, ALLANA CHRISTINA ; KULESZA, JOANNA	Qualis nao identificado	ChemistrySelect
artigoEmPeriodico	Joanna Elzbieta Kulesza	2017	http://dx.doi.org/10.1016/j.matchemphys.2017.01.024	Influence of synthesis time on the microstructure and photophysical properties of Gd-MOFs doped with Eu3+	MATERIALS CHEMISTRY AND PHYSICS	DO NASCIMENTO, JARLEY FAGNER SILVA ; BARROS, BRÁULIO SILVA ; KULESZA, JOANNA ; DE OLIVEIRA, JOÃO BOSCO LUCENA ; PEREIRA LEITE, ANA KARINA ; DE OLIVEIRA, ROSIVÂNIA SILVA	A2	
artigoEmPeriodico	Joanna Elzbieta Kulesza	2017	http://dx.doi.org/10.1016/j.jssc.2017.04.002	Structural and spectroscopic investigation of new luminescent hybrid materials based on calix[4]arene-tetracarboxylate and Ln 3+ ions (Ln = Gd, Tb or Eu)	Journal of Solid State Chemistry (Print)	VIANA, R.S. ; OLIVEIRA, C.A.F. ; CHOJNACKI, J. ; BARROS, B.S. ; ALVES-JR, S. ; KULESZA, J.	B1	JOURNAL OF SOLID STATE ELECTROCHEMISTRY (PRINT)
artigoEmPeriodico	Joanna Elzbieta Kulesza	2017	http://dx.doi.org/10.1016/j.ceramint.2017.03.160	Tunable photoluminescence of nanostructured LaPO 4 :Eu 3+ /Tb 3+ synthesized via a microwave-assisted ethylene glycol route	CERAMICS INTERNATIONAL	DE OLIVEIRA, R.S. ; DE BRITO, B.S. ; KULESZA, J. ; ALVES-JR, S. ; BARROS, B.S.	A1	
artigoEmPeriodico	Joanna Elzbieta Kulesza	2017	http://dx.doi.org/10.1590/1980-5373-mr-2016-1015	Modulator Effect of Acetic Acid on the Morphology of Luminescent Mixed Lanthanide- Organic Frameworks	MATERIALS RESEARCH	LEITE, ANA KARINA PEREIRA ; BARROS, BRÁULIO SILVA ; KULESZA, JOANNA ; NASCIMENTO, JARLEY FAGNER SILVA DO ; MELO, DULCE MARIA DE ARAÚJO ; OLIVEIRA, ANGELO ANDERSON SILVA DE	B1	
artigoEmPeriodico	Joanna Elzbieta Kulesza	2016	http://dx.doi.org/10.1080/10610278.2015.1093631	Experimental and computational studies of the binding properties of lower rim tetra- and di-substituted calix[4]arene amide derivatives with metal ions	SUPRAMOLECULAR CHEMISTRY	MARCOS, PAULA M. ; FONSECA, JOEL D. ; PROENÇA, CARLA S. ; ASCENSO, JOSÉ R. ; BERNARDINO, RAUL J. ; KULESZA, JOANNA ; BOCHENSKA, MARIA	Qualis nao identificado	SUPRAMOLECULAR CHEMISTRY
resumoExpandidoEmCongresso	Joanna Elzbieta Kulesza	2017	Síntese e caracterização de polímero de coordenação à base de calix[4]areno modificado e sua utilização na adsorção de BTEX	II Mostra de Engenharia de Materiais da UFPE, 2018, Recife. Anais da II Mostra de Engenharia de Materiais da UFPE.. Recife: Even3	OLIVEIRA, M. A. ; Joanna Elzbieta Kulesza ; FROS., A. C. O. ; Barros, B. S.		
resumoExpandidoEmCongresso	Joanna Elzbieta Kulesza	2017	Síntese eletroquímica da MOF Cu-BDC e seu potencial como carreador de fármaco	II Mostra de Engenharia de Materiais da UFPE, 2018, Recife. Anais da II Mostra de Engenharia de Materiais da UFPE. Recife: Even3	FONSECA, J. D. S. ; Joanna Elzbieta Kulesza ; Barros, B. S. ; MONTEIRO, A. F. F.		
artigoEmPeriodico	Kleber Goncalves Bezerra Alves	2019	http://dx.doi.org/10.1016/j.molliq.2018.11.084	Preparation and characterization of polypyrrole/organophilic montmorillonite nanofibers obtained by electrospinning	JOURNAL OF MOLECULAR LIQUIDS	JÚNIOR, LINDEMBERGUE P.C. ; SILVA, DÁFENES B.R. DOS S. ; DE AGUIAR, MAURÍCIO F. ; de Melo, Celso P. ; ALVES, KLEBER G.B.	B1	JOURNAL OF MOLECULAR LIQUIDS (PRINT)
artigoEmPeriodico	Kleber Goncalves Bezerra Alves	2018	http://dx.doi.org/10.1590/1980-5373-mr-2017-0779	Study on Effect of EAFD Particulate Reinforcement in AA7075 Aluminum Matrix Composites	Materials Research-Ibero-american Journal of Materials	ALVES, E. O. ; AMARO, D. R. A. ; SILVA, E. C. O. ; ARAUJO FILHO, O. O. ; ALVES, K. G. B	Qualis nao identificado	Materials Research-Ibero-american Journal of Materials
artigoEmPeriodico	Kleber Goncalves Bezerra Alves	2018	http://dx.doi.org/10.1016/j.molliq.2018.10.087	Preparation and characterization of nanofibers of polyvinyl alcohol/polyaniline-montmorillonite clay	JOURNAL OF MOLECULAR LIQUIDS	SILVA, DÁFENES B.R. DOS S. ; JÚNIOR, LINDEMBERGUE P.C. ; DE AGUIAR, MAURÍCIO F. ; de Melo, Celso P. ; ALVES, KLEBER G.B.	B1	JOURNAL OF MOLECULAR LIQUIDS (PRINT)
artigoEmPeriodico	Kleber Goncalves Bezerra Alves	2018		Polimerização da Anilina com Argila Montmorilonita Modificada e Avaliação da Condutividade do Nanocompósito Produzido	CIENTEC: Revista de ciência,tecnologia e humanidades do IFPE	COSTA JUNIOR, L. P. ; SILVA, D. B. R. S. ; AGUIAR, M. F. ; ALVES, K.G.B.	B5	CIENTEC: REVISTA DE CIÊNCIA,TECNOLOGIA E HUMANIDADES DO IFPE
artigoEmPeriodico	Kleber Goncalves Bezerra Alves	2018	http://dx.doi.org/10.1016/j.molliq.2018.09.066	Multifunctional polyaniline hybrid nanofiber with YVO4 (Er2%;Yb8%)	JOURNAL OF MOLECULAR LIQUIDS	DE LIMA, A.R.F. ; DE MELO, E.F. ; MELO, C.P. ; ALVES, K.G.B.	B1	JOURNAL OF MOLECULAR LIQUIDS (PRINT)
artigoEmPeriodico	Kleber Goncalves Bezerra Alves	2016	http://dx.doi.org/10.1515/epoly-2015-0229	Solvent-fractionated sugar cane bagasse lignin: structural characteristics and electro-spinnability	E-Polymers	LEITE, ROGÉRIO ; DE ALMEIDA, YÊDA MEDEIROS B. ; SARMENTO, SANDRA MARIA ; ALVES, KLEBER G.B. ; DE MELO, ETELINO FEIJÓ ; SOUTO-MAIOR, ROSA MARIA	B1	E-POLYMERS
artigoEmPeriodico	Kleber Goncalves Bezerra Alves	2016	http://dx.doi.org/10.4028/www.scientific.net/MSF.869.982	Synthesis of ZnO Nanoparticles Doped with Cobalt: Influence of Doping on the Magnetic and Fluorescent Properties	Materials Science Forum (Online)	SUGAHARA, HENRIQUE J. ; de Melo, Etelino F. ; de Melo, Celso P. ; ALVES, KLEBER G.B.	Qualis nao identificado	Materials Science Forum (Online)
artigoEmPeriodico	Kleber Goncalves Bezerra Alves	2016	http://dx.doi.org/10.4028/www.scientific.net/MSF.869.663	Study of the Efficiency of Ag-SiO<sub>2</sub> Nanoparticles as Additives in Anticorrosion Coatings	Materials Science Forum (Online)	PLETSCH, RÔMULO DE O. ; ALVES, KLEBER G.B. ; VIEIRA, MAGDA R.S. ; de Melo, Celso P. ; BOUCHONNEAU, NADÈGE S.	Qualis nao identificado	Materials Science Forum (Online)
trabalhoCompletoEmCongresso	Kleber Goncalves Bezerra Alves	2017		NANOFIBRA MULTIFUNCIONAL DE POLIANILINA/YVO4(Er2%;Yb8%)	14 Congresso Brasileiro de Polímeros	LIMA, A. R. ; ALVES, K. G. B		
trabalhoCompletoEmCongresso	Kleber Goncalves Bezerra Alves	2017		PREPARAÇÃO E CARACTERIZAÇÃO DE NANOFIBRAS DE ÁLCOOL POLIVINÍLICO/POLIANILINA-ARGILA MONTMORILONITA	14º Congresso Brasileiro de Polímeros	AGUIAR, M. F. ; COSTA JUNIOR, L. P. ; SILVA, D. B. R. S. ; ALVES, K. G. B		
trabalhoCompletoEmCongresso	Kleber Goncalves Bezerra Alves	2017		SÍNTESE E CARACTERIZAÇÃO DE NANOFIBRAS DE PVA/POLIPIRROL-ARGILA MONTMORILONITA	14 Congresso Brasileiro de Polímeros	AGUIAR, M. F. ; COSTA JUNIOR, L. P. ; SILVA, D. B. R. S. ; ALVES, K. G. B		
trabalhoCompletoEmCongresso	Kleber Goncalves Bezerra Alves	2017		SÍNTESE E CARACTERIZAÇÃO DE NANOFIBRAS POLIPIRROL/NANOPARTÍCULAS DE PRATA	14 Congresso Brasileiro de Polímeros	VALENCA, B. A. A. ; AGUIAR, M. F. ; SILVA, D. B. R. S. ; COSTA JUNIOR, L. P. ; ALVES, K. G. B		
artigoEmPeriodico	Severino Alves Junior	2019	http://dx.doi.org/10.1016/j.jlumin.2019.01.007	Photostable soft materials with tunable emission based on sultone functionalized ionic liquid and lanthanides ions	JOURNAL OF LUMINESCENCE	RAMOS, TALITA J.S. ; BERTON, GUILHERME H. ; Júnior, Severino A. ; CASSOL, TANIA M.	A2	
artigoEmPeriodico	Severino Alves Junior	2019	http://dx.doi.org/10.1007/s11051-018-4422-0	Surface modification strategy based on the conjugation of NaYF4:5%Eu luminescent nanoprobe with organic aromatic compounds for application in bioimaging assays	JOURNAL OF NANOPARTICLE RESEARCH	DA SILVA VIANA, RODRIGO ; DE MASCENA COSTA, LUCIANA AMARAL ; LEAL, ANDRESSA N. R. ; WILLIAMS, TYRSLAI M. ; LUAN, LIQUIAN ; ZHANG, GUANYU ; WANG, MAODIE ; HARMON, ASHLYN C. ; DOS ANJOS, JANAINA V. ; CUETO, RAFAEL ; FILHO, MANOEL ADRIÃO GOMES ; FALCÃO, EDUARDO H. L. ; VICENTE, MARIA G. H. ; Junior, Severino A. ; MATHIS, J. MICHAEL	B1	
artigoEmPeriodico	Severino Alves Junior	2019	http://dx.doi.org/10.1590/0104-1428.04018	Gamma irradiation effects on polycaprolactone/zinc oxide nanocomposite films	Polímeros: ciência e Tecnologia	PAULA, MARCOS ; DIEGO, IVO ; DIONISIO, RONALDO ; VINHAS, GLÓRIA ; Alves, Severino	B2	POLÍMEROS: CIÊNCIA E TECNOLOGIA (IMPRESSO)
artigoEmPeriodico	Severino Alves Junior	2019	http://dx.doi.org/10.1016/j.ica.2019.04.031	Selective adsorption of BTEX on calixarene-based molecular coordination network determined by 13C NMR spectroscopy	INORGANICA CHIMICA ACTA	DE OLIVEIRA FRÓS, ALLANA CHRISTINA ; DE OLIVEIRA, MARIA ALAIDE ; MACÊDO SOARES, ANTONIA ALICE ; HALLWASS, Fernando ; CHOJNACKI, JAROSLAW ; BARROS, BRÁULIO SILVA ; Júnior, Severino Alves ; Kulesza, Joanna	Qualis nao identificado	INORGANICA CHIMICA ACTA
artigoEmPeriodico	Severino Alves Junior	2019	http://dx.doi.org/10.1557/jmr.2019.139	Study of a luminescent and antibacterial biomaterial based on hydroxyapatite as support for an antineoplastic drug	JOURNAL OF MATERIALS RESEARCH	BARBOSA, AMANDA ALVES ; Júnior, Severino Alves ; DE VASCONCELOS FERRAZ, ANDRÉA	B1	
artigoEmPeriodico	Severino Alves Junior	2019	http://dx.doi.org/10.1038/s41598-019-43835-x	Photoluminescent organisms: how to make fungi glow through biointegration with lanthanide metal-organic frameworks	Scientific Reports	ROSÁRIO, JEFERSON ; DA LUZ, LEONIS L. ; GERIS, REGINA ; RAMALHO, JÉSSICA G. S. ; DA SILVA, ANTÔNIO F. ; Júnior, Severino Alves ; MALTA, MARCOS	A1	SCIENTIFIC REPORTS
artigoEmPeriodico	Severino Alves Junior	2019	http://dx.doi.org/10.1016/j.msec.2019.04.078	A thermo-responsive adsorbent-heater-thermometer nanomaterial for controlled drug release: (ZIF-8,EuxTby)@AuNP core-shell	Materials Science & Engineering C-Materials for Biological Applications	SILVA, JOSÉ YAGO R. ; PROENZA, YAICEL G. ; DA LUZ, LEONIS L. ; DE SOUSA ARAÚJO, SILVANY ; FILHO, MANOEL ADRIÃO GOMES ; JUNIOR, SEVERINO ALVES ; Soares, Thereza A. ; LONGO, RICARDO L.	Qualis nao identificado	Materials Science & Engineering C-Materials for Biological Applications
artigoEmPeriodico	Severino Alves Junior	2019	http://dx.doi.org/10.1016/j.jssc.2019.05.008	Design of new europium-doped luminescent MOFs for UV radiation dosimetric sensing	JOURNAL OF SOLID STATE CHEMISTRY	DE ASSIS, SUELLE G.F. ; SANTOS, GUILHERME C. ; SANTOS, ARTHUR B.S. ; FALCÃO, EDUARDO H.L. ; DA SILVA VIANA, RODRIGO ; JUNIOR, SEVERINO ALVES	Qualis nao identificado	JOURNAL OF SOLID STATE CHEMISTRY
artigoEmPeriodico	Severino Alves Junior	2019	http://dx.doi.org/10.1016/j.microc.2019.104037	Luminescent sensors for nitroaromatic compound detection: Investigation of mechanism and evaluation of suitability of using in screening test in forensics	MICROCHEMICAL JOURNAL	MAURICIO, FILIPE GABRIEL MARTINEZ ; SILVA, JOSÉ YAGO RODRIGUES ; TALHAVINI, MÁRCIO ; Júnior, Severino Alves ; WEBER, INGRID TÁVORA	A2	MICROCHEMICAL JOURNAL (PRINT)
artigoEmPeriodico	Severino Alves Junior	2018	http://dx.doi.org/10.1002/jssc.201700812	Characterization and application of a lanthanide-based metal-organic framework in the development and validation of a matrix solid-phase dispersion procedure for pesticide extraction on peppers (Capsicum annuum L.) with gas chromatography-mass spectrometr	JOURNAL OF SEPARATION SCIENCE	Santos Barreto, Alysson ; DE CÁSSIA DA SILVA ANDRADE, PAULA ; MEIRA FARIAS, JÉSSICA ; MENEZES FILHO, ADALBERTO ; FERNANDES DE SÁ, GILBERTO ; Alves Júnior, Severino	A2	JOURNAL OF SEPARATION SCIENCE (PRINT)
artigoEmPeriodico	Severino Alves Junior	2018	http://dx.doi.org/10.1039/c7nj04625a	Solid-state tunable photoluminescence in Gadolinium-Organic Frameworks: effect of the Eu3+ content and co-doping with Tb3+	NEW JOURNAL OF CHEMISTRY	DO NASCIMENTO, JARLEY FAGNER SILVA ; DE ARAÚJO, ANTONIO MARCOS URBANO ; KULESZA, JOANNA ELZBIETA ; DE FARIAS MONTEIRO, ARTHUR FELIPE ; Júnior, Severino Alves ; BARROS, BRÁULIO	A2	NEW JOURNAL OF CHEMISTRY (1987)
artigoEmPeriodico	Severino Alves Junior	2018	http://dx.doi.org/10.1039/c8tc00658j	Carboxyl-functionalized ionic liquids: synthesis, characterization and synergism with rare earth ions	Journal of Materials Chemistry C	SOUZA RAMOS, TALITA JORDANNA DE ; BERTON, GUILHERME HENRIQUE ; CASSOL, TÂNIA MARIA MARIA ; Júnior, Severino Alves	A1	JOURNAL OF MATERIALS CHEMISTRY C
artigoEmPeriodico	Severino Alves Junior	2018	http://dx.doi.org/10.21577/0103-5053.20180087	Metal Organic Frameworks for Selective Degradation of Amoxicillin in Biomedical Wastes	JOURNAL OF THE BRAZILIAN CHEMICAL SOCIETY	PAULA, MARCOS ; BARROS, AMANDA ; WANDERLEY, KALINE ; DE SÁ, GILBERTO ; EBERLIN, MARCOS ; SOARES, THEREZA ; Alves Jr., Severino	B1	
artigoEmPeriodico	Severino Alves Junior	2018	http://dx.doi.org/10.1016/j.matlet.2018.07.033	Synthesis of luminescent gel-like materials based on glutamate and neodymium(III)	MATERIALS LETTERS	RIOS, NATHALIA P.S.M. ; DE AZEVEDO, LEANDRO A. ; NEVES, ROBERTA C.S. ; Alves Júnior, Severino ; FALCÃO, EDUARDO H.L.	A2	
artigoEmPeriodico	Severino Alves Junior	2018	http://dx.doi.org/10.1021/acsomega.8b01067	Multifunctional System Polyaniline-Decorated ZIF-8 Nanoparticles as a New Chemo-Photothermal Platform for Cancer Therapy	ACS Omega	SILVA, JANINE S. F. ; SILVA, JOSÉ Y. R. ; de Sá, Gilberto F. ; ARAÚJO, SILVANY S. ; FILHO, MANOEL A. GOMES ; RONCONI, CÉLIA M. ; SANTOS, THIAGO C. ; Júnior, Severino A.	Qualis nao identificado	ACS Omega
artigoEmPeriodico	Severino Alves Junior	2018	http://dx.doi.org/10.1016/j.microc.2018.09.013	Ammunition encoding by means of co-doped luminescent markers	MICROCHEMICAL JOURNAL	LUCENA, M.A.M. ; AROUCA, A.M. ; TALHAVINI, M. ; ALVES-JÚNIOR, S. ; WEBER, I.T.	A2	MICROCHEMICAL JOURNAL (PRINT)
artigoEmPeriodico	Severino Alves Junior	2018	http://dx.doi.org/10.1158/1538-7445.am2018-5877	Abstract 5877: Antitumor activity of the mesoionic compound MI H 2.4 on breast cancer cell lines	CANCER RESEARCH	COSTA, LUCIANA AMARAL DE MASCENA ; LIMA, FILIPE CÁSSIO SILVA DE ; VIANA, RODRIGO DA SILVA ; ARAUJO, SILVANY DE SOUSA ; WISCHRAL, AUREA ; SOUZA, HELIVALDO DIÓGENES DA SILVA ; ATHAYDE-FILHOA, PETRÔNIO FILGUEIRAS DE ; AZEVEDO, LEANDRO ARAÚJO DE ; Júnior, Severino Alves ; ADRIÃO, MANOEL ; MATHIS, J. MICHAEL	Qualis nao identificado	CANCER RESEARCH
artigoEmPeriodico	Severino Alves Junior	2018	http://dx.doi.org/10.1039/c8ay01341a	NIR hyperspectral images for identification of gunshot residue from tagged ammunition	Analytical Methods	ALBINO DE CARVALHO, MARCELA ; TALHAVINI, MARCIO ; PIMENTEL, MARIA FERNANDA ; AMIGO, JOSÉ MANUEL ; PASQUINI, CELIO ; JUNIOR, SEVERINO ALVES ; WEBER, INGRID TÁVORA	B1	ANALYTICAL METHODS
artigoEmPeriodico	Severino Alves Junior	2018	http://dx.doi.org/10.1039/c8dt04649b	Bright Thermal (Blackbody) Emission of Visible Light From LnO 2 (Ln = Pr, Tb), Photoinduced by NIR 980 nm Laser	DALTON TRANSACTIONS	SILVA FILHO, CÍCERO INÁCIO INÁCIO ; DE OLIVEIRA, ANTONIO LEONEL LEONEL ; PEREIRA, SUELEN CATHERINE FARIAS ; DE SÁ, GILBERTO FERNANDES ; DA LUZ, LEONIS L. ; Alves Júnior, Severino	Qualis nao identificado	DALTON TRANSACTIONS
artigoEmPeriodico	Severino Alves Junior	2018	http://dx.doi.org/10.21577/0103-5053.20180218	New Composites CP@AC Based on Lanthanide Succinates	JOURNAL OF THE BRAZILIAN CHEMICAL SOCIETY	SANTOS, GUILHERME ; DE OLIVEIRA, CARLOS ; DA SILVA, FAUSTHON ; Alves Jr., Severino	B1	
artigoEmPeriodico	Severino Alves Junior	2017	http://dx.doi.org/10.1039/c6ra27850g	Site-selective Eu( <scp>iii</scp> ) spectroscopy of highly efficient luminescent mixed-metal Pb( <scp>ii</scp> )/Eu( <scp>iii</scp> ) coordination polymers	RSC Advances: an international journal to further the chemical sciences	BARBOSA, C. D. E. S. ; DA LUZ, L.L. ; PAZ, F. A. ALMEIDA ; MALTA, O. L. ; RODRIGUES, M. O. ; JÚNIOR, S. A. ; FERREIRA, R. A. S. ; CARLOS, L. D.	A2	RSC ADVANCES: AN INTERNATIONAL JOURNAL TO FURTHER THE CHEMICAL SCIENCES
artigoEmPeriodico	Severino Alves Junior	2017	http://dx.doi.org/10.1371/journal.pone.0170026	New Composites LnBDC@AC and CB[6]@AC: From Design toward Selective Adsorption of Methylene Blue or Methyl Orange	Plos One	SANTOS, GUILHERME DE C. ; BARROS, AMANDA L. ; DE OLIVEIRA, CARLOS A. F. ; DA LUZ, LEONIS L. ; DA SILVA, FAUSTHON F. ; DEMETS, GRÉGOIRE J.-F. ; Alves Júnior, Severino	Qualis nao identificado	Plos One
artigoEmPeriodico	Severino Alves Junior	2017	http://dx.doi.org/10.2174/1874210601711010048	Pulp Revascularization: A Literature Review	The Open Dentistry Journal	ARAÚJO, POLLYANA RODRIGUES DE SOUZA ; SILVA, LUCIANO BARRETO ; NETO, ALEXANDRINO PEREIRA DOS SANTOS ; ALMEIDA DE ARRUDA, JOSÉ ALCIDES ; ÁLVARES, PÂMELLA RECCO ; SOBRAL, ANA PAULA VERAS ; Júnior, Severino Alves ; LEÃO, JAIR CARNEIRO ; BRAZ DA SILVA, RODIVAN ; SAMPAIO, GERHILDE CALLOU	B3	THE OPEN DENTISTRY JOURNAL
artigoEmPeriodico	Severino Alves Junior	2017	http://dx.doi.org/10.1016/j.matlet.2017.01.106	Thermochromic Properties of Cucurbituril-based 3d-4f Heterometallic Material	Materials Letters (General ed.)	da Silva, Fausthon Fred ; de Oliveira, Carlos Alberto Fernandes ; FALCÃO, EDUARDO HENRIQUE LAGO ; Júnior, Severino Alves	A2	MATERIALS LETTERS (GENERAL ED.)
artigoEmPeriodico	Severino Alves Junior	2017	http://dx.doi.org/10.1021/acsami.6b13474	Application of the Metal-Organic Framework [Eu(BTC)] as a Luminescent Marker for Gunshot Residues: A Synthesis, Characterization, and Toxicity Study	ACS Applied Materials & Interfaces (Print)	LUCENA, MARCELLA A. M. ; OLIVEIRA, MARINA F. L. ; AROUCA, ALINE M. ; TALHAVINI, MÁRCIO ; FERREIRA, EDUARDO A. ; Alves, Severino ; VEIGA-SOUZA, FABIANE H. ; Weber, Ingrid T.	A1	ACS APPLIED MATERIALS & INTERFACES (PRINT)
artigoEmPeriodico	Severino Alves Junior	2017	http://dx.doi.org/10.1590/0366-69132017633652041	Modificação da superfície do ZnAl1,9Eu0,05O4 visando a obtenção do híbrido ZnAl1,9Eu0,05O4/SiO2 para aplicação como biossensor	Ceramica	ARAÚJO, P. M. A. G. ; SANTOS, P. T. A. ; A. JUNIOR, S. ; VIANA, R. S. ; COSTA, A. C. F. M.	Qualis nao identificado	Ceramica
artigoEmPeriodico	Severino Alves Junior	2017	http://dx.doi.org/10.1021/acsami.6b15667	Lanthanide-Organic Gels (LOGs) as a Multifunctional Supramolecular Smart Platform	ACS Applied Materials & Interfaces	SILVA, JOSÉ YAGO RODRIGUES ; DA LUZ, LEONIS LOURENÇO ; MAURICIO, FILIPE GABRIEL MARTINEZ ; VASCONCELOS ALVES, IANE BEZERRA ; FERRO, JAMYLLE NUNES DE SOUZA ; BARRETO, EMILIANO ; WEBER, INGRID TAVORA ; DE AZEVEDO, WALTER MENDES ; Júnior, Severino Alves	A1	ACS APPLIED MATERIALS & INTERFACES (ONLINE)
artigoEmPeriodico	Severino Alves Junior	2017	http://dx.doi.org/10.1039/c6pp00408c	The new supramolecular nano-aggregate curcumin-cucurbit[7]uril: synthesis, photophysical properties and biocompatibility evaluation	PHOTOCHEMICAL & PHOTOBIOLOGICAL SCIENCES	DE AZEVEDO, LEANDRO ARAÚJO ; DA LUZ, LEONIS LOURENÇO ; DE SOUZA FERRO, JAMYLLE NUNES ; BARRETO, EMILIANO ; OLIVEIRA SILVA, RICARDO ; Alves, Severino ; ALVES, IANE BEZERRA VASCONCELOS	B1	PHOTOCHEMICAL & PHOTOBIOLOGICAL SCIENCES (PRINT)
artigoEmPeriodico	Severino Alves Junior	2017	http://dx.doi.org/10.1016/j.jssc.2017.04.002	Structural and spectroscopic investigation of new luminescent hybrid materials based on calix[4]arene-tetracarboxylate and Ln 3+ ions (Ln = Gd, Tb or Eu)	Journal of Solid State Chemistry (Print)	VIANA, R.S. ; OLIVEIRA, C.A.F. ; CHOJNACKI, J. ; Barros, B.S. ; ALVES-JR, S. ; KULESZA, J.	B1	JOURNAL OF SOLID STATE ELECTROCHEMISTRY (PRINT)
artigoEmPeriodico	Severino Alves Junior	2017	http://dx.doi.org/10.1016/j.ceramint.2017.03.160	Tunable photoluminescence of nanostructured LaPO 4 :Eu 3+ /Tb 3+ synthesized via a microwave-assisted ethylene glycol route	CERAMICS INTERNATIONAL	DE OLIVEIRA, R.S. ; DE BRITO, B.S. ; KULESZA, J. ; ALVES-JR, S. ; Barros, B.S.	A1	
artigoEmPeriodico	Severino Alves Junior	2017	http://dx.doi.org/10.1016/j.jlumin.2017.04.001	Improving the Quantum Efficiency of the Lanthanide-Organic Framework [Eu 2 (MELL)(H 2 O) 6 ] by Heating: A Simple Strategy to Produce Efficient Luminescent Devices	JOURNAL OF LUMINESCENCE	MILANI, RAQUEL ; DA LUZ, LEONIS L. ; DE ARAÚJO, ANA CLÁUDIA V. ; Rodrigues, Nailton M. ; FALCÃO, EDUARDO H.L. ; de Azevedo, Walter M. ; da Costa, Nivan B. ; CARDOSO, MATEUS B. ; FREIRE, Ricardo O. ; Júnior, Severino A.	A2	
artigoEmPeriodico	Severino Alves Junior	2017	http://dx.doi.org/10.1016/j.jssc.2017.05.023	METAL-ORGANIC FRAMEWORK: STRUCTURE AND MAGNETIC PROPERTIES OF [Cu 3 (BTC) 2 (L)x.(CuO) y ] n (L= H 2 O, DMF)	JOURNAL OF SOLID STATE CHEMISTRY	DA SILVA, GILVALDO G. ; Machado, F.L.A. ; JUNIOR, S. ALVES ; PADRÓN-HERNÁNDEZ, E.	Qualis nao identificado	JOURNAL OF SOLID STATE CHEMISTRY
artigoEmPeriodico	Severino Alves Junior	2017	http://dx.doi.org/10.1002/jssc.201700501	Evaluation of a novel metal-organic framework as an adsorbent for the extraction of multiclass pesticides from coconut palm ( <i>Cocos nucifera</i> L.): An analytical approach using matrix solid-phase dispersion and liquid chromatography	JOURNAL OF SEPARATION SCIENCE	ROMÁRIO DE JESUS, JEMMYSON ; AMARAL WANDERLEY, KALINE ; Alves Júnior, Severino ; Navickiene, Sandro	A2	JOURNAL OF SEPARATION SCIENCE (PRINT)
artigoEmPeriodico	Severino Alves Junior	2017	http://dx.doi.org/10.1002/elan.201700384	Voltammetric Determination of Captopril on a Glassy Carbon Electrode Modified with Copper Metal-Organic Framework	ELECTROANALYSIS	SILVA'VASCONCELOS, WELLYTON ; DA'SILVA, GILVALDO GENTIL ; ALVES'JUNIOR, SEVERINO ; DOS'ANJOS, JANAÍNA VERSIANI ; DA'CUNHA'AREIAS, MADALENA CARNEIRO	Qualis nao identificado	ELECTROANALYSIS
artigoEmPeriodico	Severino Alves Junior	2017	http://dx.doi.org/10.1590/0366-69132017633672104	Avaliação da fotoluminescência do TiO 2 sintetizado pelo método Pechini	Cerâmica	ARAÚJO, D. S. ; DINIZ, V. C. S. ; DANTAS, J. ; ARAÚJO, P. M. A. G. ; VIANA, R. S. ; JUNIOR, S. A. ; TORQUATO, R. A. ; COSTA, A. C. F. M.	Qualis nao identificado	Cerâmica
artigoEmPeriodico	Severino Alves Junior	2017	http://dx.doi.org/10.1016/j.molstruc.2017.10.096	Copper-based 2D-coordination polymer as catalyst for allylation of aldehydes	JOURNAL OF MOLECULAR STRUCTURE	DA SILVA, GILSON B. ; DE MENEZES, PAULO H. ; MALVESTITI, Ivani ; FALCÃO, EDUARDO H.L. ; Alves, S. ; CHOJNACKI, JAROS'AW ; DA SILVA, FAUSTHON F.	B1	JOURNAL OF MOLECULAR STRUCTURE (PRINT)
artigoEmPeriodico	Severino Alves Junior	2016	http://dx.doi.org/10.1016/j.jlumin.2015.06.037	Synthesis, crystal structure and luminescent properties of lanthanide extended structure with asymmetrical dinuclear units based on 2-(methylthio)benzoic acid	Journal of Luminescence	OLIVEIRA, CRISTIANE K. ; DE SOUZA, VIVIANE P. ; DA LUZ, LEONIS L. ; DE MENEZES VICENTI, JULIANO R. ; BURROW, ROBERT A. ; SEVERINO ALVES ; LONGO, RICARDO L. ; MALVESTITI, Ivani	A2	JOURNAL OF LUMINESCENCE
artigoEmPeriodico	Severino Alves Junior	2016	http://dx.doi.org/10.1039/c6nr00158k	High-sensitive Eu <sup>3+</sup> ratiometric thermometers based on excited state absorption with predictable calibration	Nanoscale (Print)	SOUZA, ADELMO SATURNINO ; NUNES, LUIZ ANTONIO OLIVEIRA ; SILVA, IVAN GUIDE NUNES ; OLIVEIRA, FERNANDO A. M. ; DA LUZ, LEONIS L. ; BRITO, HERMI FELINTO ; FELINTO, MARIA CLÁUDIA F. C. ; FERREIRA, RUTE ; Alves Jr, Severino ; CARLOS, LUIS ANTONIO DIAS ; MALTA, OSCAR	A1	NANOSCALE (PRINT)
artigoEmPeriodico	Severino Alves Junior	2016	http://dx.doi.org/10.1063/1.4947290	Urchin-like artificial gallium oxide nanowires grown by a novel MOCVD/CVD-based route for random laser application	Journal of Applied Physics	DE MELO, RONALDO P. ; OLIVEIRA, NATHALIA TALITA C. ; DOMINGUEZ, CHRISTIAN TOLENTINO ; GOMES, ANDERSON S. L. ; FALCÃO, EDUARDO H. L. ; Alves, Severino ; DA LUZ, LEONIS L. ; CHASSAGNON, REMI ; DE ARAÚJO, CID B. ; SACILOTTI, MARCO	B4	INTERNATIONAL JOURNAL OF APPLIED PHYSICS
artigoEmPeriodico	Severino Alves Junior	2016	http://dx.doi.org/10.2174/1874210601610010227	The Promising Applications of Stem Cells in the Oral Region: Literature Review	The Open Dentistry Journal	SILVA, LUCIANO BARRETO ; NETO, ALEXANDRINO PEREIRA DOS SANTOS ; PACHECO, RACHEL GOMES PELOZO ; Júnior, Severino Alves ; MENEZES, REBECA FERRAZ DE ; CARNEIRO, VANDA SANDERANA MACEDO ; ARAÚJO, NATÁLIA COSTA ; SILVEIRA, MARCIA MARIA FONSECA DA ; ALBUQUERQUE, DIANA SANTANA DE ; MARTINEZ GERBI, MARLENY ELIZABETH MARQUEZ DE ; ÁLVARES, PAMELLA RECCO ; ARRUDA, JOSÉ ALCIDES ALMEIDA DE ; SOBRAL, ANA PAULA VERAS	B3	THE OPEN DENTISTRY JOURNAL
artigoEmPeriodico	Severino Alves Junior	2016	http://dx.doi.org/10.1007/s10847-016-0627-y	CaAl-layered double hydroxide as a drug delivery system: effects on solubility and toxicity of the antiretroviral efavirenz	Journal of Inclusion Phenomena and Macrocyclic Chemistry	FONTES, DANILO AUGUSTO FERREIRA ; DE LYRA, MAGALY ANDREZA MARQUES ; DE ANDRADE, JEYCE KELLE FERREIRA ; DE MEDEIROS SCHVER, GIOVANNA CHRISTINNE ROCHA ; ROLIM, LARISSA ARAÚJO ; DA SILVA, TERESINHA GONÇALVES ; SOARES-SOBRINHO, JOSÉ LAMARTINE ; ALVES-JÚNIOR, SEVERINO ; ROLIM-NETO, PEDRO JOSÉ	Qualis nao identificado	Journal of Inclusion Phenomena and Macrocyclic Chemistry
artigoEmPeriodico	Severino Alves Junior	2016	http://dx.doi.org/10.1016/j.synthmet.2016.07.003	Sonoelectrochemical synthesis of metal-organic frameworks	Synthetic Metals	DA SILVA, GILVALDO G. ; SILVA, CECÍLIA S. ; RIBEIRO, ROGÉRIO T. ; RONCONI, CÉLIA M. ; BARROS, BRÁULIO S. ; NEVES, JORGE L. ; Júnior, Severino Alves	A2	SYNTHETIC METALS
artigoEmPeriodico	Severino Alves Junior	2016	http://dx.doi.org/10.1016/j.jlumin.2016.09.057	New Coordination Polymers Based on a V-Shaped Ligand and Lanthanides: Structural Description and Symmetry-Luminescence Correlation Using Europium as a Probe	Journal of Luminescence	DA SILVA VIANA, RODRIGO ; CHOJNACKI, JAROSLAW ; FALCÃO, EDUARDO HENRIQUE LAGO ; ALVES JUNIOR, SEVERINO	A2	JOURNAL OF LUMINESCENCE
artigoEmPeriodico	Severino Alves Junior	2016	http://dx.doi.org/10.3390/molecules21111539	A Green Approach for Allylations of Aldehydes and Ketones: Combining Allylborate, Mechanochemistry and Lanthanide Catalyst	Molecules (Basel. Online)	DE SOUZA, VIVIANE ; OLIVEIRA, CRISTIANE ; DE SOUZA, THIAGO ; MENEZES, PAULO ; Alves, Severino ; LONGO, RICARDO ; MALVESTITI, Ivani	B1	MOLECULES (BASEL. ONLINE)
artigoEmPeriodico	Severino Alves Junior	2016	http://dx.doi.org/10.1016/j.molstruc.2016.11.034	Host-guest interaction of ZnBDC-MOF + doxorubicin: A theoretical and experimental study	Journal of Molecular Structure (Print)	Vasconcelos, Iane B. ; Wanderley, Kaline A. ; Rodrigues, Nailton M. ; da Costa, Nivan B. ; FREIRE, Ricardo O. ; Junior, Severino A.	B1	JOURNAL OF MOLECULAR STRUCTURE (PRINT)
artigoEmPeriodico	Severino Alves Junior	2016	http://dx.doi.org/10.1016/j.jlumin.2015.04.010	Synthesis of [Dy(DPA)(HDPA)] and its potential as gunshot residue marker	Journal of Luminescence	MELO LUCENA, MARCELLA A. ; RODRIGUES, Marcelo Oliveira ; GATTO, CLAUDIA C. ; TALHAVINI, MARCIO ; MALDANER, ADRIANO O. ; Alves, Severino ; Weber, Ingrid T.	A2	JOURNAL OF LUMINESCENCE
artigoEmPeriodico	Severino Leopoldino Urtiga Filho	2019	http://dx.doi.org/10.1007/s13632-018-0506-6	Corrosion Evaluation of Duplex and Superduplex Stainless Steel Friction Stir Welds Using Potentiodynamic Measurements and Immersion Tests in Chloride Environments	METALLOGRAPHY, MICROSTRUCTURE, AND ANALYSIS (PRINT)	SANTA CRUZ, LARISSA A. ; MARQUES, IGOR J. ; URTIGA FILHO, SEVERINO L. ; HERMENEGILDO, TAHIANA F. C. ; SANTOS, TIAGO F. A.	B3	
artigoEmPeriodico	Severino Leopoldino Urtiga Filho	2019	http://dx.doi.org/10.1590/s1517-707620190001.0640	Influência da adição de Sn na resistência à corrosão e na capacidade de recarga da liga Pb-1,5%Sn para grade positiva de baterias chumbo-ácido	Materia-Rio de Janeiro	SANTOS, ABDIAS GOMES DOS ; VIEIRA, MAGDA ROSÂNGELA SANTOS ; URTIGA FILHO, SEVERINO LEOPOLDINO ; SILVA, Flávio José da	Qualis nao identificado	Materia-Rio de Janeiro
artigoEmPeriodico	Severino Leopoldino Urtiga Filho	2019	http://dx.doi.org/10.1016/j.surfcoat.2019.04.040	Effect of initial surface treatment on obtaining a superhydrophobic surface on 5052 aluminum alloy with enhanced anticorrosion properties	SURFACE & COATINGS TECHNOLOGY	DA SILVA, RAFAEL G.C. ; VIEIRA, MAGDA R.S. ; MALTA, MARIA I.C. ; DA SILVA, CARLOS H. ; DE OLIVEIRA, SARA H. ; FILHO, SEVERINO L.U.	A2	
artigoEmPeriodico	Severino Leopoldino Urtiga Filho	2018	http://dx.doi.org/10.1590/1980-5373-mr-2016-1011	Influence of Rotational Speed in the Friction Surfacing of Titanium Grade 1 on Ti-6Al-4V	MATERIALS RESEARCH	VALE, NATÁLIA LOPES DO ; FITSEVA, VIKTORIA ; HANKE, STEFANIE ; Urtiga Filho, Severino Leopoldino ; SANTOS, JORGE FERNANDEZ DOS	B1	
artigoEmPeriodico	Severino Leopoldino Urtiga Filho	2018	http://dx.doi.org/10.1590/1980-5373-mr-2017-0066	Biocorrosion on Surface of ASTM A283 Carbon Steel, Exposed in Diesel S10 and Tap Water	MATERIALS RESEARCH	FRAZÃO, DIANA MAGALHÃES ; Melo, Ivanilda Ramos de ; MONTOYA, MAXIME ; Urtiga Filho, Severino Leopoldino	B1	
artigoEmPeriodico	Severino Leopoldino Urtiga Filho	2018	http://dx.doi.org/10.1007/s40430-018-1372-5	Effect of the energy input on the microstructure and mechanical behavior of AA2024-T351 joint produced by friction stir welding	Journal of the Brazilian Society of Mechanical Sciences and Engineering	DO VALE, NATÁLIA LOPES ; TORRES, EDWAR ANDRÉS ; SANTOS, TIAGO FELIPE DE ABREU ; URTIGA FILHO, SEVERINO LEOPOLDINO ; DOS SANTOS, JORGE F.	B1	JOURNAL OF THE BRAZILIAN SOCIETY OF MECHANICAL SCIENCES AND ENGINEERING (ONLINE)
artigoEmPeriodico	Severino Leopoldino Urtiga Filho	2017	http://dx.doi.org/10.1080/09507116.2016.1218615	Influence of welding position and parameters in orbital tig welding applied to low-carbon steel pipes	WELDING INTERNATIONAL	FEGUEIROA, D. W. ; PIGOZZO, I. O. ; SILVA, R. H. G. E. ; Santos, T. F. A. ; URTIGA FILHO, S. L.	B3	
artigoEmPeriodico	Severino Leopoldino Urtiga Filho	2017	http://dx.doi.org/10.4028/www.scientific.net/msf.899.317	Influence of Composite Nano-Coating of Ni-Co-SiC Obtained by Electrodeposition on the Corrosion Resistance of API 5L X80 Steel	MATERIALS SCIENCE FORUM (ONLINE)	PEREIRA, ROSEANA FLORENTINO DA COSTA ; DE OLIVEIRA, EDKARLLA SOUSA DANTAS ; ALVES E SILVA, DIOGO LINS ; RIBEIRO, ANDRÊSSA SOUZA ; DE ARAÚJO FILHO, OSCAR OLIMPIO ; DE ANDRADE E LIMA, MARIA ALICE GOMES ; Urtiga Filho, Severino Leopoldino	Qualis nao identificado	MATERIALS SCIENCE FORUM (ONLINE)
artigoEmPeriodico	Severino Leopoldino Urtiga Filho	2017	http://dx.doi.org/10.1590/1980-5373-mr-2016-0954	Corrosion Behavior of API 5L X80 Steel in the Produced Water of Onshore Oil Recovery Facilities	Materials Research-Ibero-american Journal of Materials	OLIVIERA, E. S. D. ; PEREIRA, R. F. C. ; MELO, I. R. ; Andrade Lima M. A. G ; Urtiga Filho, Severino Leopoldino	Qualis nao identificado	Materials Research-Ibero-american Journal of Materials
artigoEmPeriodico	Severino Leopoldino Urtiga Filho	2017	http://dx.doi.org/10.1590/1980-5373-mr-2017-0025	Evaluation of Co-Ni/SiC Nanocomposite Coating Obtained by Electrodeposition on the Corrosion Resistance of API 5L X80 Steel	Materials Research-Ibero-american Journal of Materials	PEREIRA, R. F. C. ; OLIVIERA, E. S. D. ; VIIEIRA, M. R. S. ; Andrade Lima M. A. G ; Urtiga Filho, Severino Leopoldino	Qualis nao identificado	Materials Research-Ibero-american Journal of Materials
artigoEmPeriodico	Severino Leopoldino Urtiga Filho	2017	http://dx.doi.org/10.4028/www.scientific.net/msf.899.25	Manufacturing of AA2124 Aluminum Alloy Metal Matrix Composites Reinforced by Silicon Carbide Processed by Powder Metallurgy Techniques of High Energy Ball Milling and Hot Extrusion	MATERIALS SCIENCE FORUM (ONLINE)	DE ARAÚJO FILHO, OSCAR OLIMPIO ; DE ARAÚJO, EVERTHON RODRIGUES ; DE LIRA, HERONILTON MENDES ; GONZALEZ, Cezar Henrique ; SILVA, NOELLE D?EMERY GOMES ; Urtiga Filho, Severino Leopoldino	Qualis nao identificado	MATERIALS SCIENCE FORUM (ONLINE)
artigoEmPeriodico	Severino Leopoldino Urtiga Filho	2017	http://dx.doi.org/10.4028/www.scientific.net/msf.899.361	Secondary Hardening of an AISI M3:2 High Speed Steel Sinter 23 Hot Isostatic Pressed	MATERIALS SCIENCE FORUM (ONLINE)	DE ARAÚJO FILHO, OSCAR OLIMPIO ; GONZALEZ, Cezar Henrique ; Urtiga Filho, Severino Leopoldino ; OLIVEIRA, C.A.N. ; SILVA, NOELLE D?EMERY GOMES ; AMBROZIO FILHO, F.	Qualis nao identificado	MATERIALS SCIENCE FORUM (ONLINE)
artigoEmPeriodico	Severino Leopoldino Urtiga Filho	2016		Friction Stir Welding of Aluminium Alloy Sheets	Materials Science Forum	VALE, N. L. ; SANTOS, J. ; ARAUJO FILHO, O. O. ; URTIGA FILHO, S. L.	Qualis nao identificado	Materials Science Forum
artigoEmPeriodico	Severino Leopoldino Urtiga Filho	2016		Control of microbiological corrosion on carbon steel with sodiumhypochlorite and biopolymer	INTERNATIONAL JOURNAL OF BIOLOGICAL MACROMOLECULES	Oliveira S. H. ; Andrade Lima M. A. G ; França F. P. ; VIIEIRA, M. R. S. ; SILVA, P. ; URTIGA FILHO, S. L.	A2	
artigoEmPeriodico	Severino Leopoldino Urtiga Filho	2016		Corrosion by Sulfate Reducing Bacteria in Welded Joints of Stell API 5L X80	Materials Science Forum	VASCONCELOS, E. S. L. ; OLIVIERA, E. S. D. ; Andrade Lima M. A. G ; MONTOYA, M. ; GONZALEZ, C. H. ; URTIGA FILHO, S. L.	Qualis nao identificado	Materials Science Forum
artigoEmPeriodico	Severino Leopoldino Urtiga Filho	2016		Simulation of Cooling Curves of the Heat Affected Zones of API 5L X80 Steel of Welds Made by Flux Core Arc Welding Self Protecting	MATERIALS SCIENCE FORUM	LIRA, H. M. ; FERREIRA, Ricardo Artur Sanguinetti ; Neves, M. D. M. ; SANTOS, Maurílio José dos ; Urtiga Filho, Severino Leopoldino ; ARAUJO FILHO, O. O.	Qualis nao identificado	MATERIALS SCIENCE FORUM
trabalhoCompletoEmCongresso	Severino Leopoldino Urtiga Filho	2016		Influência do tempo de ataque ácido da liga de alumínio 5052 para obtenção de superfícies super-hidrofóbicas	Intercorr 2016	BARBOSA, L. R. R. ; VIIEIRA, M. R. S. ; ARAUJO, E. G. ; SILVA, R. F. ; MONTOYA, M. ; URTIGA FILHO, S. L.		
trabalhoCompletoEmCongresso	Severino Leopoldino Urtiga Filho	2016		Obtenção de superfícies super-hidrofóbicas em ligas de aluminio 5052 visando o aumento da resistência à corrosão	Intercorr 2016	SILVA, R. F. ; VIIEIRA, M. R. S. ; ARAUJO, E. G. ; BARBOSA, L. R. R. ; ARAUJO FILHO, O. O. ; URTIGA FILHO, S. L.		
trabalhoCompletoEmCongresso	Severino Leopoldino Urtiga Filho	2016		Limpeza e preservação interna de tubulações durante a montagem através de jateamento abrasivo e utilização de inibidor de corrosão	Anais do Intercorr 2016	MORAES, F. O. ; VIIEIRA, M. R. S. ; ARAUJO, E. G. ; URTIGA FILHO, S. L.		
trabalhoCompletoEmCongresso	Severino Leopoldino Urtiga Filho	2016		Análise da Corrosão do Aço API 5L X60 exposto a óleo cru e água do mar	Intercorr 2016	MARQUEZ, M. V. C. ; VIEIRA, M. R. S. ; Oliveira S. H. ; URTIGA FILHO, S. L.		
trabalhoCompletoEmCongresso	Severino Leopoldino Urtiga Filho	2016		Caracterização eletroquímica da corrosão influenciada pelos micro-organismos no aço API 5L X80 em água produzida	Intercorr 2016	OLIVIERA, E. S. D. ; PEREIRA, R. F. C. ; Silva, Diogo Lins Alves e ; SILVA., A. R. D. ; Andrade Lima M. A. G ; URTIGA FILHO, S. L.		
trabalhoCompletoEmCongresso	Severino Leopoldino Urtiga Filho	2016		Estudo da corrosão em juntas de solda do aço API 5-L X80 em ambiente marinho	Intercorr 2016	VASCONCELOS, E. S. L. ; Andrade Lima M. A. G ; SILVA, P. ; Oliveira S. H. ; URTIGA FILHO, S. L.		
artigoEmPeriodico	Tiago Felipe de Abreu Santos	2019	http://dx.doi.org/10.1007/s12613-019-1790-0	Effect of high anodic polarization on the passive layer properties of superduplex stainless steel friction stir welds at different chloride electrolyte pH values and temperatures	International Journal of Minerals Metallurgy and Materials	SANTA CRUZ, L. A. ; MACHADO, G. ; VICENTE, A. A. ; HERMENEGILDO, T.F.C. ; SANTOS, T. F. A.	Qualis nao identificado	International Journal of Minerals Metallurgy and Materials
artigoEmPeriodico	Tiago Felipe de Abreu Santos	2019	http://dx.doi.org/10.1007/s13632-018-0506-6	Corrosion Evaluation of Duplex and Superduplex Stainless Steel Friction Stir Welds Using Potentiodynamic Measurements and Immersion Tests in Chloride Environments	METALLOGRAPHY, MICROSTRUCTURE, AND ANALYSIS (PRINT)	SANTA CRUZ, LARISSA A. ; MARQUES, IGOR J. ; URTIGA FILHO, SEVERINO L. ; HERMENEGILDO, TAHIANA F. C. ; SANTOS, TIAGO F. A.	B3	
artigoEmPeriodico	Tiago Felipe de Abreu Santos	2019	http://dx.doi.org/10.1007/s11661-019-05293-y	Predominant Solidification Modes of 316 Austenitic Stainless Steel Coatings Deposited by Laser Cladding on 304 Stainless Steel Substrates	METALLURGICAL AND MATERIALS TRANSACTIONS A-PHYSICAL METALLURGY AND MATERIALS SCIENCE	APOLINARIO, L. H. R. ; FIGUEROA, D. W. ; MONTEALEGRE, M. A. ; URTIGA FILHO, S. L. ; TORRES, E. A. ; HERMENEGILDO, T.F.C. ; SANTOS, T. F. A.	A2	METALLURGICAL AND MATERIALS TRANSACTIONS. A, PHYSICAL METALLURGY AND MATERIALS SCIENCE
artigoEmPeriodico	Tiago Felipe de Abreu Santos	2019	http://dx.doi.org/10.1016/j.jmrt.2018.11.009	Study of the high temperature oxidation and Kirkendall porosity in dissimilar welding joints between FE-CR-AL alloy and stainless steel AISI 310 after isothermal heat treatment at 1150 °C in air	Journal of Materials Research and Technology-JMR&T	VICENTE, ANDRÉ DE ALBUQUERQUE ; MORENO, JOAO ROBERTO SARTORI ; ESPINOSA, DENISE CROCCE ROMANO ; SANTOS, TIAGO FELIPE DE ABREU ; TENÓRIO, JORGE ALBERTO SOARES	B3	JOURNAL OF MATERIALS RESEARCH AND TECHNOLOGY
artigoEmPeriodico	Tiago Felipe de Abreu Santos	2019	http://dx.doi.org/10.1016/j.jallcom.2018.10.136	Nucleation and growth of graphite particles in ductile cast iron	JOURNAL OF ALLOYS AND COMPOUNDS	VICENTE, ANDRÉ DE ALBUQUERQUE ; SARTORI MORENO, JOÃO ROBERTO ; SANTOS, TIAGO FELIPE DE ABREU ; ESPINOSA, DENISE CROCCE ROMANO ; TENÓRIO, JORGE ALBERTO SOARES	A2	
artigoEmPeriodico	Tiago Felipe de Abreu Santos	2018		Comparison of Behaviour to Oxidation at High Temperature of Two Superalloys: Inconel 713C and IC-50	OXIDATION COMMUNICATIONS	VICENTE, A. A. ; MORENO, J. R. S. ; TENÓRIO, J. A. S. ; BOTELHO JR, A. B. ; SANTOS, T.F.A. ; ESPINOSA, D. C. R.	B2	
artigoEmPeriodico	Tiago Felipe de Abreu Santos	2018	http://dx.doi.org/10.1007/s12540-018-0111-x	Microstructural Evolution of HSLA ISO 3183 X80M (API 5L X80) Friction Stir Welded Joints	Metals and Materials International	HERMENEGILDO, TAHIANA F. C. ; SANTOS, TIAGO F. A. ; TORRES, EDWAR A. ; AFONSO, CONRADO R. M. ; RAMIREZ, ANTONIO J.	A2	METALS AND MATERIALS INTERNATIONAL
artigoEmPeriodico	Tiago Felipe de Abreu Santos	2018	http://dx.doi.org/10.1007/s40430-018-1372-5	Effect of the energy input on the microstructure and mechanical behavior of AA2024-T351 joint produced by friction stir welding	JOURNAL OF THE BRAZILIAN SOCIETY OF MECHANICAL SCIENCES AND ENGINEERING (ONLINE)	DO VALE, NATÁLIA LOPES ; TORRES, EDWAR ANDRÉS ; Santos, Tiago Felipe de Abreu ; URTIGA FILHO, SEVERINO LEOPOLDINO ; DOS SANTOS, JORGE F.	B1	
artigoEmPeriodico	Tiago Felipe de Abreu Santos	2018	http://dx.doi.org/10.1590/0104-9224/si2303.06	Soldagem Helicoidal de Tubos Produzida em Campo do Aço ASTM A-1018 e sua Correlação com Características Mecânicas e Microestruturais das Juntas Soldadas	REVISTA SOLDAGEM E INSPEÇÃO	SILVA, ANA CARLA SANTOS DA ; FIGUEREDO, ERIKE WILKER ARRUDA ; SILVA JÚNIOR, DEUSDEDIT CARLOS DA ; HERMENEGILDO, TAHIANA FRANCISCA DA CONCEIÇÃO ; SANTOS, TIAGO FELIPE DE ABREU	B2	
artigoEmPeriodico	Tiago Felipe de Abreu Santos	2017	http://dx.doi.org/10.1080/09507116.2016.1218615	Influence of welding position and parameters in orbital tig welding applied to low-carbon steel pipes	Welding International	FEGUEIROA, D. W. ; PIGOZZO, I. O. ; SILVA, R. H. G. E. ; Santos, T. F. A. ; URTIGA FILHO, S. L.	B3	WELDING INTERNATIONAL
artigoEmPeriodico	Tiago Felipe de Abreu Santos	2017	http://dx.doi.org/10.1590/0104-9224/SI2202.03	Desenvolvimento dos Parâmetros do Processo de Soldagem por Atrito com Pino não Consumível para o Aço de Alta Resistência e Baixa Liga ISO 3183 X80M	Soldagem & Inspecao	HERMENEGILDO, T.F.C. ; SILVA, A. C. S. ; TORRES, E.A. ; SANTOS, T. F. A. ; RAMIREZ, A. J.	Qualis nao identificado	Soldagem & Inspecao
artigoEmPeriodico	Tiago Felipe de Abreu Santos	2017	http://dx.doi.org/10.1590/1980-5373-mr-2016-1060	Double Kinetics of Intermetallic Phase Precipitation in UNS S32205 Duplex Stainless Steels Submitted to Isothermal Heat Treatment	Materials Research-Ibero-american Journal of Materials	MARQUES, I. J. ; VICENTE, A. A. ; TENÓRIO, J. A. S. ; SANTOS, T.F.A.	Qualis nao identificado	Materials Research-Ibero-american Journal of Materials
artigoEmPeriodico	Tiago Felipe de Abreu Santos	2017	http://dx.doi.org/10.1080/09507116.2017.1347323	Friction stir welding of duplex stainless steels	WELDING INTERNATIONAL	Santos, Tiago Felipe de Abreu; TORRES, EDWAR ANDRÉS ; RAMIREZ, ANTONIO JOSE	B3	
artigoEmPeriodico	Tiago Felipe de Abreu Santos	2016	http://dx.doi.org/10.1590/1980-5373-MR-2015-0319	Friction stir welding of duplex and superduplex stainless steels and some aspects of microstructural characterization and mechanical performance	Materials Research-Ibero-american Journal of Materials	SANTOS, T.F.A.; FONSECA, E. B. ; TORRES, E.A. ; RAMIREZ, A.J.	Qualis nao identificado	Materials Research-Ibero-american Journal of Materials
artigoEmPeriodico	Tiago Felipe de Abreu Santos	2016	http://dx.doi.org/10.1590/0104-9224/SI2101.06	Soldagem por atrito com pino não consumível de aços inoxidáveis duplex	Soldagem & Inspecao	SANTOS, T.F.A.; TORRES, E.A. ; RAMIREZ, A.J.	Qualis nao identificado	Soldagem & Inspecao
artigoEmPeriodico	Tiago Felipe de Abreu Santos	2016	http://dx.doi.org/10.1080/09507116.2015.1096498	Development of ceramic backing for friction stir welding and processing	WELDING INTERNATIONAL	SANTOS, TIAGO F. A.; TORRES, EDWAR A. ; HERMENGILDO, TAHIANA F. C. ; RAMIREZ, ANTONIO J.	B3	
artigoEmPeriodico	Tiago Felipe de Abreu Santos	2016	http://dx.doi.org/10.1007/s11661-016-3631-3	Physical Simulation of a Duplex Stainless Steel Friction Stir Welding by the Numerical and Experimental Analysis of Hot Torsion Tests	METALLURGICAL AND MATERIALS TRANSACTIONS A-PHYSICAL METALLURGY AND MATERIALS SCIENCE	FONSECA, E. B. ; SANTOS, T. F. A. ; BUTTON, S.T. ; RAMIREZ, A.J.	A2	METALLURGICAL AND MATERIALS TRANSACTIONS. A, PHYSICAL METALLURGY AND MATERIALS SCIENCE
artigoEmPeriodico	Tiago Felipe de Abreu Santos	2016	http://dx.doi.org/10.1007/s11665-016-2357-0	Detailed Microstructural Characterization and Restoration Mechanisms of Duplex and Superduplex Stainless Steel Friction-Stir-Welded Joints	Journal of Materials Engineering and Performance	SANTOS, T. F. A.; TORRES, E. A. ; LIPPOLD, J. C. ; RAMIREZ, A. J.	B1	JOURNAL OF MATERIALS ENGINEERING AND PERFORMANCE (PRINT)
trabalhoCompletoEmCongresso	Tiago Felipe de Abreu Santos	2018	http://dx.doi.org/10.1533/978-1-78242-164-1.75	Soldagem em Campo de Tubulação com Costura Helicoidal por Arco Submerso	X Congresso Nacional de Engenharia Mecânica	SILVA, A. C. S. ; PICCHI, I. B. M. ; APOLINARIO, L. H. R. ; HERMENEGILDO, T.F.C. ; SANTOS, T.F.A.		
trabalhoCompletoEmCongresso	Tiago Felipe de Abreu Santos	2018		Metodologia para Qualificação de Procedimentos de Soldagem de Tubulações Industriais Conforme Parâmetros dos Códigos ASME B31.3 e ASME SECTION IX	XLIV Congresso Nacional de Soldagem	MACENA, V. A. ; NASCIMENTO, F. A. ; APOLINARIO, L. H. R. ; PICCHI, I. B. M. ; HERMENEGILDO, T.F.C. ; SANTOS, T.F.A.		
trabalhoCompletoEmCongresso	Tiago Felipe de Abreu Santos	2018		Características Geométricas e Microestruturais de Juntas Soldadas por Costura Helicoidal em Campo do Aço ASTM-A1018	XLIV Congresso Nacional de Soldagem	SILVA, A. C. S. ; MACENA, V. A. ; SILVA JR, D. C. ; PEREIRA, R. M. L. ; CARVALHO, K. K. ; HERMENEGILDO, T.F.C. ; SANTOS, T. F. A.		
trabalhoCompletoEmCongresso	Tiago Felipe de Abreu Santos	2017	http://dx.doi.org/10.5151/1516-392x-30089	CINÉTICAS DE OXIDAÇÃO E CÁLCULO DA ENERGIA DE ATIVAÇÃO APARENTE PARA FORMAÇÃO DOS ÓXIDOS EM AÇO INOXIDÁVEL AUSTENÍTICOS LAMINADO 253 MA A ALTAS TEMPERATURAS AO AR	72º Congresso Anual da ABM	VICENTE, ANDRÉ DE ALBUQUERQUE ; CABRAL, DÉBORA ARRUDA ; MARQUES, IGOR JORDÃO ; Santos, Tiago Felipe de Abreu ; ESPINOSA, DENISE CROCCE ROMANO ; TENÓRIO, JORGE ALBERTO SOARES		
trabalhoCompletoEmCongresso	Tiago Felipe de Abreu Santos	2017	http://dx.doi.org/10.5151/1516-392x-30090	CARACTERIZAÇÃO MICROESTRUTURAL DAS CAMADAS PROTETIVAS DE ÓXIDOS FORMADOS NAS SUPERFÍCIES DE UM AÇO INOXIDÁVEL AUSTENITICO LAMINADO (253 MA®) OXIDADO A ALTAS TEMPERATURAS AO AR	72º Congresso Anual da ABM	VICENTE, ANDRÉ DE ALBUQUERQUE ; CABRAL, DÉBORA ARRUDA ; MARQUES, IGOR JORDÃO ; Santos, Tiago Felipe de Abreu ; ESPINOSA, DENISE CROCCE ROMANO ; TENÓRIO, JORGE ALBERTO SOARES		
trabalhoCompletoEmCongresso	Tiago Felipe de Abreu Santos	2017	http://dx.doi.org/10.5151/1516-392x-30091	CARACTERIZAÇÃO DE UMA JUNTA SOLDADA DE AÇO INOXIDÁVEL DUPLEX PELO PROCESSO TIG NA RAIZ E ENCHIMENTO COM PROCESSO MIG-MAG	72º Congresso Anual da ABM	VICENTE, ANDRÉ DE ALBUQUERQUE ; CABRAL, DÉBORA ARRUDA ; BUENO, ALEXANDRE ; TURRA, THIAGO VIANA DE OLIVEIRA ; Santos, Tiago Felipe de Abreu ; TENÓRIO, JORGE ALBERTO SOARES		
trabalhoCompletoEmCongresso	Tiago Felipe de Abreu Santos	2017	http://dx.doi.org/10.5151/1516-392x-30127	POROSIDADE DE KIRKENDALL EM JUNTAS SOLDADAS DISSIMILARES ENTRE LIGA FE-CR-AL E AÇO INOXIDÁVEL AISI 310 APÓS TRATAMENTO ISOTÉRMICO A 1150oC AO AR	72º Congresso Anual da ABM	VICENTE, ANDRÉ DE ALBUQUERQUE ; LIMA, GIOVANI JONAS DE ; CABRAL, DÉBORA ARRUDA ; FAGGIAN, CARLOS ALBERTO ; Santos, Tiago Felipe de Abreu ; TENÓRIO, JORGE ALBERTO SOARES		
trabalhoCompletoEmCongresso	Tiago Felipe de Abreu Santos	2017	http://dx.doi.org/10.5151/1516-392x-30248	CARACTERIZAÇÃO MICROESTRUTURAL E ANÁLISES QUÍMICAS SEMI-QUANTITATIVAS DAS FASES FERRITA E AUSTENITA EM AÇOS INOXIDÁVEIS DUPLEX	72º Congresso Anual da ABM	VICENTE, ANDRÉ DE ALBUQUERQUE ; CABRAL, DÉBORA ARRUDA ; COLETI, JORGE LUÍS ; TELLES, VICTOR BRIDI ; Santos, Tiago Felipe de Abreu ; TENÓRIO, JORGE ALBERTO SOARES		
trabalhoCompletoEmCongresso	Tiago Felipe de Abreu Santos	2016		Cinética de Precipitação de Fases Intermetálicas Deletérias em Aço Inoxidável UNS S32205	22° Congresso Brasileiro de Engenharia e Ciência dos Materiais	MARQUES, I. J. ; SANTOS, T.F.A.		
trabalhoCompletoEmCongresso	Tiago Felipe de Abreu Santos	2016		Avaliação da resistência à corrosão de juntas soldadas de aços inoxidáveis superduplex em meio contendo cloretos variando o pH e a temperatura de ensaio	22° Congresso Brasileiro de Engenharia e Ciência dos Materiais	SANTA CRUZ, L. A. ; SILVA, D. L. A. ; URTIGA FILHO, S. L. ; SANTOS, T.F.A.		
